A A ANTHONY SEC|A A ANTHONY SECURITIES SDN BHD|MYR|For reporting purposes||||Active|00000000|0000|UOB ASSOC GROUP|UOB KAY HIAN|UOB KAY HIAN|Associated Companies||22-Mar-13|
AIIF CP|AIIF CAPITAL PARTNERS LIMITED|SGD|For reporting purposes||||Active|00000000|0000|UOB GROUP|AIIF CP|AIIF CP|Subsidiary Company |NON-REVALUED|05-Nov-14|
AMADIA INVESTME|AMADIA INVESTMENTS LTD|SGD|For reporting purposes||||Active|00000000|0000|UOB ASSOC GROUP|TAEL FUND|TAEL FUND|Associated Companies||22-Nov-13|
ASEAN CHINA II|ASEAN CHINA INVESTMENT FUND II L.P.|SGD|For reporting purposes||||Active|00000000|0000|UOB ASSOC GROUP|ASEAN CHINA FD II|ASEAN CHINA FD II|Associated Companies||22-Nov-13|
ASFINCO SPORE|ASFINCO SPORE|SGD|For reporting purposes||||Active|00000000|0000|UOB ASSOC GROU|ASFINCO SPORE|ASFINCO SPORE|Associated Companies|||
AVATEC|AVATEC.AI (S) PTE LTD|SGD|REGIONAL DIGITAL BANKING||||Active|00000000|0000|UOB GROUP|AVATEC|AVATEC|UOB SUBSIDIARY||5-Oct-18|
CHINA F&B V I|CHINA F&B VENTURE INVESTMENTS|USD|UOB AIP||||Active|00000000|0000|UOB ASSOC GROU|CHINA F&B VI|CHINA F&B VI|Associated Company|NON-REVALUED|18/09/2014|
FEB-AVG|FAR EASTERN BANK LTD|SGD|For reporting purposes||||Active|00000000|0000|UOB GROUP|FEB|FEB|Subsidiary Company |REVALUED||
GABELHORN INVT|GABELHORN INVT PTE LTD|SGD|For reporting purposes||||Active|00000000|0000|UOB ASSOC GROU|INNOVEN CAP|GABELHORN INVT|Associated Company||4-Aug-16|
GC F&B (HK)|GREATER CHINA F&B (HK) PTE LTD|USD|For reporting purposes||||Active|00000000|0000|UOB ASSOC GROU|GC F&B (HK)|GC F&B (HK)|Associated Company|NON-REVALUED|01/08/2014|
GC F&B (INVT)|GREATER CHINA F&B INVESTMENT HLDG LTD|USD|For reporting purposes||||Active|00000000|0000|UOB ASSOC GROU|GC F&B (INVT)|GC F&B (INVT)|Associated Company|NON-REVALUED|01/08/2014|
GC F&B CAP PART|GREATER CHINA F&B CAPITAL PARTNERS LTD|USD|Yee Foong Leng||||Active|00000000|0000|UOB GROUP|GC F&B CAP PART|GC F&B CAP PAR|Associated Company|REVALUED||
GUANGXI-A F M P|GUANGXI-ASEAN FUND MGMT PARTNERS LTD|SGD|UOBVM||||Active|00000000|0000|UOB ASSOC GROUP|GUANGXI-A F M P|GUANGXI-A F M P|UOB ASSOCIATE||7-May-19|
GUANGXI-ASEAN F|GUANGXI-ASEAN FUND MANAGEMENT CO LTD|SGD|UOBVM||||Active|00000000|0000|UOB ASSOC GROUP|GUANGXI-ASEAN F|GUANGXI-ASEAN F|UOB ASSOCIATE||5-Oct-18|
HUH REAL ESTATE|HUH REAL ESTATE PARTNERS II LLC|SGD|OTHERS||||Active|00000000|0000|UOB ASSOC GROUP|HUH REAL EST P2|HUH REAL EST P2|UOB ASSOCIATE||26-Jan-16|
INNOVEN CAP|INNOVEN CAPITAL PTE LTD|SGD|For reporting purposes||||Active|00000000|0000|UOB ASSOC GROU|INNOVEN CAP|INNOVEN CAP|Associated Company||4-Aug-16|
INNOVEN CAP ASI|INNOVEN CAPITAL ASIA PTE. LTD.|SGD|For reporting purposes||||Active|00000000|0000|UOB ASSOC GROUP|INNOVEN CAP ASI|INNOVEN CAP ASI|UOB ASSOCIATE||2-Aug-21|
INNOVEN CAP CN|INNOVEN CAPITAL CHINA PTE LTD|SGD|OTHERS||||Active|00000000|0000|UOB ASSOC GROUP|INNOVEN CAP(CN)|INNOVEN CAP(CN)|UOB ASSOCIATE||6-Aug-18|
INNOVEN CAP(S)|INNOVEN CAPITAL SINGAPORE PTE LTD|SGD|For reporting purposes||||Active|00000000|0000|UOB ASSOC GROU|INNOVEN CAP|INNOVEN CAP(S)|Associated Company||4-Aug-16|
INNOVEN ZIYANG|Innoven Ziyang Enterprise Mgt Co Ltd|SGD|For reporting purposes||||Active|00000000|0000|UOB ASSOC GROU|INNOVEN ZIYANG|INNOVEN ZIYANG|Associated Company|REVALUED|20-Feb-24|
KAY HIAN HLDGS|KAY HIAN HOLDINGS LIMITED|SGD|For reporting purposes||||Active|00000000|0000|UOB ASSOC GROU|UOB KAY HIAN|UOB KAY HIAN|Associated Company|||
LIQ SD FEB-AVG|FAR EASTERN BANK LTD - SUBSIDIARY|SGD|For reporting purposes||||Active|00000000|0000|UOB GROUP|LIQ FEB|LIQ FEB|UOB|NON-REVALUED||
LIQ SD UOB THAI|LIQ SD UOB THAI|THB|For reporting purposes||||Active|00000000|0000|UOB GROUP|LIQ UOB THAI|LIQ UOB THAI|UOB|||
LIQ SD UOB-AVG|LIQ SD UNITED OVERSEAS BANK LTD|SGD|For reporting purposes||||Active|00000000|0000|UOB GROUP|LIQ UOB|LIQ UOB|UOB|NON-REVALUED||
LIQ SD UOBHK-AV|UOB HONG KONG-BRANCHES|HKD|For reporting purposes||||Active|00000000|0000|UOB GROUP|LIQ UOB|LIQ UOB|UOB|NON-REVALUED|17/12/2014|
LIQ UOB THAI|LIQ UOB (THAILAND) PCL|THB|For reporting purposes||||Active|00000000|0000|UOB GROUP|LIQ UOB THAI|LIQ UOB THAI|UOB|REVALUED||
LIQ UOB-AVG|LIQ UNITED OVERSEAS BANK LTD|SGD|For reporting purposes||||Active|00000000|0000|UOB GROUP|LIQ UOB|LIQ UOB|UOB|REVALUED||
LIQ UOBCI-AVG|LIQ UOB CAPITAL INVESTMENTS PTE LTD|SGD|For reporting purposes||||Active|00000000|0000|UOB GROUP|LIQ UOBCI-AVG|LIQ UOBCI-AVG|Subsidiary Company |REVALUED|12/01/2017|
NETS|NETS|SGD|For reporting purposes||||Active|00000000|0000|UOB ASSOC GROU|NETS|NETS|Associated Company|||
ORIX LEASING|ORIX LEASING|SGD|For reporting purposes||||Active|00000000|0000|UOB ASSOC GROU|ORIX LEASING|ORIX LEASING|Associated Company|||
OSK-UOB UTM|OSK-UOB UNIT TRUST MANAGEMENT BHD|MYR|For reporting purposes||||Active|00000000|0000|UOB ASSOC GROU|OSK-UOB UTM|OSK-UOB UTM|Associated Company|NON-REVALUED||
OUF-AVG|OVERSEAS UNION FACILITIES|SGD|For reporting purposes||||Active|00000000|0000|OUBASSOC GROUP|OUF|OUF|Associated Company|NON-REVALUED||
OUI|OVERSEAS UNION INSURANCE|SGD|For reporting purposes||||Active|00000000|0000|OUBASSOC GROUP|OUI|OUI|Associated Company|NON-REVALUED||
PT BK UOBINDO|PT BANK UOB INDONESIA|IDR|For reporting purposes||||Active|00000000|0000|UOB GROUP|PT BK UOB INDO|PT BK UOB INDO|Subsidiary Company |REVALUED||
SD CKBM-AVG|CHUNG KHIAW BANK MALAYSIA BHD|MYR|For reporting purposes||||Active|00000000|0000|UOB GROUP|CKBM|CKBM|Subsidiary Company |REVALUED||
SD FEB-AVG|FAR EASTERN BANK LTD - SUBSIDIARY|SGD|For reporting purposes||||Active|00000000|0000|UOB GROUP|FEB|FEB|Subsidiary Company |NON-REVALUED||
SD TYE HUA-AVG|TYE HUA - SUBSIDIARY|SGD|For reporting purposes||||Active|00000000|0000|UOB GROUP|TYE HUA|TYE HUA|Subsidiary Company |||
SD UGC|UOB GLOBAL CAPITAL - SUB|USD|For reporting purposes||||Active|00000000|0000|UOB GROUP|UOBGC LLC|UOBGC LLC|Subsidiary Company |NON-REVALUED||
SD UGC-S32|UOB GLOBAL CAPITAL - S32|SGD|For reporting purposes||||Active|00000000|0000|UOB ASSOC GROU|SD UGC-S32|SD UGC-S32|Subsidiary Company |NON-REVALUED||
SD UOB AUST|UOB AUSTRALIA|AUD|For reporting purposes||||Active|00000000|0000|UOB GROUP|UOB AUSTRALIA|UOB AUSTRALIA|Subsidiary Company |NON-REVALUED||
SD UOB BULLION|SD UOB BULLION & FUTURES|SGD|For reporting purposes||||Active|00000000|0000|UOB GROUP|UOB BULLION|UOB BULLION|Subsidiary Company |NON-REVALUED||
SD UOB NEW YORK|UOB NEW YORK - SUBSIDIARY|USD|For reporting purposes||||Active|00000000|0000|UOB GROUP|UOB-NY|UOB|Subsidiary Company |REVALUED||
SD UOB PROP BHD|UOB PROPERTIES BHD - SUB|MYR|For reporting purposes||||Active|00000000|0000|UOB GROUP|UOB PROPERTIES|UOB PROPERTIES|Subsidiary Company |REVALUED||
SD UOB PROP INV|UOB PROPERTY INVESTMENTS PTE LTD|SGD|For reporting purposes||||Active|00000000|0000|UOB GROUP|UOB PROP INVT|UOB PROP INVT|Subsidiary Company |NON-REVALUED||
SD UOB THAI|SD UOB THAI|THB|For reporting purposes||||Active|00000000|0000|UOB GROUP|UOB THAI|UOB THAI|Subsidiary Company |||
SD UOBAM-AVG|UOB ASSET MANAGEMENT - SUBSIDARY|SGD|For reporting purposes||||Active|00000000|0000|UOB GROUP|UOBAM|UOBAM|Subsidiary Company |NON-REVALUED||
SD UOB-AVG|UNITED OVERSEAS BANK LTD - SUBSIDIARY|SGD|Shareholder's fund||||Active|00000000|0000|UOB GROUP|UOB|UOB|UOB|NON-REVALUED||
SD UOBH(USA)|UOB HOLDINGS LTD - SUB|USD|For reporting purposes||||Active|00000000|0000|UOB GROUP|UOBH(USA)|UOBH(USA)|Subsidiary Company |REVALUED||
SD UOBHK-AVG|UOB HONG KONG|HKD|For reporting purposes||||Active|00000000|0000|UOB GROUP|UOB HK|UOB HK|UOB Branch|NON-REVALUED||
SD UOBM-AVG|UNITED OVERSEAS BANK MALAYSIA BHD-SUB|MYR|For reporting purposes||||Active|00000000|0000|UOB GROUP|UOBM|UOBM|Subsidiary Company |REVALUED||
SD UOB-OUB-AVG|UNITED OVERSEAS BANK LTD - SUBSIDIARY|SGD|Shareholder's fund||||Active|00000000|0000|UOB GROUP|UOB-OUB|UOB|UOB|NON-REVALUED||
SD UOBR(USA)|UOB REALTY (USA) INC|USD|For reporting purposes||||Active|00000000|0000|UOB GROUP|UOBR(USA)|UOBR(USA)|Subsidiary Company |NON-REVALUED||
SD UOI-SHF-AVG|UNITED OVERSEAS INSURANCE LTD-SHF - SUB|SGD|For reporting purposes||||Active|00000000|0000|UOB GROUP|UOI-SHF AM|UOI|Subsidiary Company |NON-REVALUED||
TAEL FUND|"THE ASIAN ENTREPRENEUR LEGACY ONE, L.P."|SGD|For monitoring purposes||||Active|00000000|0000|UOB ASSOC GROU|TAEL FUND|TAEL FUND|Major stakes |NON-REVALUED||
THE FINLAB|THE FINLAB PTE LTD|SGD|For reporting purposes||||Active|00000000|0000|UOB ASSOC GROU|THE FINLAB|THE FINLAB|Associated Company||4-Aug-16|
UNI.ASIA CAP|UNI.ASIA CAPITAL SDN BHD|MYR|For reporting purposes||||Active|00000000|0000|UOB ASSOC GROU|UNI.ASIA CAP|UNI.ASIA CAP|Associated Company|NON-REVALUED||
UNITED INVESTMT|UNITED INVESTMENTS PTE LTD|USD|For reporting purposes||||Active|00000000|0000|UOB GROUP|UNITED INVESTMT|UNITED INVESTMT|UOB Subsidiary|REVALUED|28-Mar-16|
UNITED V INVT|UNITED VENTURE INVESTMENTS PTE LTD|SGD|Yee Foong Leng/ Jasline Liew||||Active|00000000|0000|UOB GROUP|UNITED V INVT|UNITED V INVT|UOB Subsidiary|NON-REVALUED|3-Jul-25|
UOB BULLION|UOB BULLION & FUTURES|SGD|For reporting purposes||||Active|00000000|0000|UOB GROUP|UOB BULLION|UOB BULLION|Subsidiary Company |REVALUED|28-Mar-16|
UOB-CHANNELS|UOB-GROUP CHANNELS N DIGITAL (GCD)|SGD|Arthur Leong Kian Chong||||Active|00000000|0000|UOB GROUP|UOB-CHANNELS|UOB|UOB|REVALUED|24-Apr-23|
UOB-CIU-REITs|UOB-CIU-REITs|SGD|CIU||||Active|00000000|0000|UOB GROUP|UOB-CIU-REITs|UOB|UOB|REVALUED|14-May-21|
UOB-ECM|UOB-EQUITY CAPITAL MARKETS|SGD|ECM||||Active|00000000|0000|UOB GROUP|UOB-ECM|UOB-ECM|UOB|REVALUED|28-Aug-23|
UOB-ESG EQ|Seed Invt – UOB-ESG EQUITY|SGD|CIU||||Active|00000000|0000|UOB GROUP|UOB-ESG EQ|UOB|UOB|REVALUED|20-Aug-21|
UOB GLOBAL CAP|UOB GLOBAL CAPITAL LTD|SGD|For reporting purposes||||Active|00000000|0000|UOB GROUP|UOB GLOBAL CAP|UOB GLOBAL CAP|Subsidiary Company |||
UOB ISLAMIC|UOB ISLAMIC ASSET MANAGEMENT SDN BHD|MYR|Alice Foong Yee Quan||||Active|00000000|0000|UOB GROUP|UOB ISLAMIC AM|UOB ISLAMIC AM|Subsidiary Company |REVALUED|05-Dec-17|
UOB KH (BVI)|UOB KAY HIAN (BVI) LTD|SGD|For reporting purposes||||Active|00000000|0000|UOB ASSOC GROU|UOB KAY HIAN|UOB KAY HIAN|Associated Company|||
UOB KH HK|UOB KAY HIAN HONG KONG|SGD|For reporting purposes||||Active|00000000|0000|UOB ASSOC GROU|UOB KAY HIAN|UOB KAY HIAN|Associated Company|||
UOB KH HLDGS|UOB KAY HIAN HOLDINGS LTD|SGD|For reporting purposes||||Active|00000000|0000|UOB ASSOC GROU|UOB KAY HIAN|UOB KAY HIAN|Associated Company|||
UOB KH MSIA|UOB KAY HIAN (MALAYSIA) HOLDINGS SDN|SGD|For reporting purposes||||Active|00000000|0000|UOB ASSOC GROU|UOB KAY HIAN|UOB KAY HIAN|Associated Company|||
UOB KH OPP FD|UOB KAY HIAN OPPORTUNITIES FUND PTE LTD|SGD|For reporting purposes||||Active|00000000|0000|UOB ASSOC GROU|UOB KAY HIAN|UOB KAY HIAN|Associated Company|||
UOB KH OVERSEAS|UOB KAY HIAN OVERSEAS LIMITED|SGD|For reporting purposes||||Active|00000000|0000|UOB ASSOC GROU|UOB KAY HIAN|UOB KAY HIAN|Associated Company|||
UOB KH PTE LTD|UOB KAY HIAN PTE LTD|SGD|For reporting purposes||||Active|00000000|0000|UOB ASSOC GROU|UOB KAY HIAN|UOB KAY HIAN|Associated Company|||
UOB KH SEC (M)|UOB KAY HIAN SECURITIES (M) SDN BHD|MYR|For reporting purposes||||Active|00000000|0000|UOB ASSOC GROU|UOB KAY HIAN|UOB KAY HIAN|Associated Company||20-Jul-12|
UOB KH SEC PH|UOB KAY HIAN SECURITIES (PHILIPPINES)|SGD|For reporting purposes||||Active|00000000|0000|UOB ASSOC GROU|UOB KAY HIAN|UOB KAY HIAN|Associated Company|||
UOB KH SEC TH|UOB KAY HIAN SECURITIES (THAILAND)|SGD|For reporting purposes||||Active|00000000|0000|UOB ASSOC GROU|UOB KAY HIAN|UOB KAY HIAN|Associated Company|||
UOB KH TRADING|UOB KAY HIAN TRADING PTE LTD|SGD|For reporting purposes||||Active|00000000|0000|UOB ASSOC GROU|UOB KAY HIAN|UOB KAY HIAN|Associated Company|||
UOB LONDON|UOB LONDON|GBP|For reporting purposes||||Active|00000000|0000|UOB GROUP|UOB LONDON|UOB LONDON|UOB Branch|NON-REVALUED||
UOB MANILA|UOB MANILA|PHP|OTHERS||||Active|00000000|0000|UOB GROUP|UOB MANILA|UOB MANILA|UOB BRANCH|REVALUED|5-Feb-16|
UOB MUMBAI|UOB MUMBAI|INR|OTHERS||||Active|00000000|0000|UOB GROUP|UOB MUMBAI|UOB MUMBAI|UOB BRANCH|REVALUED|25-Apr-25|
UOB NEW YORK|UOB NEW YORK|USD|For reporting purposes||||Active|00000000|0000|UOB GROUP|UOB-NY|UOB|UOB Branch|REVALUED||
UOB PB-MEMO ACC|DELISTED SHARES-UOB PB MEMO ACC|SGD|For reporting purposes||||Active|00000000|0000|UOB GROUP|UOB PB-MEMO ACC|UOB PB-MEMO ACC|UOB|REVALUED|10-Aug-23|
UOB PRO INVT CH|UOB PROPERTY INVT CHINA PL|SGD|For reporting purposes||||Active|00000000|0000|UOB GROUP|UOB PRO INVT CH|UOB PRO INVT C|Subsidiary Company |NON-REVALUED|26/03/2015|
UOB TAIPEI|UOB TAIPEI|TWD|For reporting purposes||||Active|00000000|0000|UOB GROUP|UOB TAIPEI||UOB Branch|NON-REVALUED||
UOB THAI|UOB (THAILAND) PCL|THB|For reporting purposes||||Active|00000000|0000|UOB GROUP|UOB THAI|UOB THAI|Subsidiary Company |REVALUED||
UOB TOKYO|UOB TOKYO|JPY|For reporting purposes||||Active|00000000|0000|UOB GROUP|UOB TOKYO|UOB TOKYO|UOB Branch|NON-REVALUED||
UOBACU-AVG|UNITED OVERSEAS BANK LTD (ACU)|SGD|Miscellaneous legacy investments||||Active|00000000|0000|UOB GROUP|UOB(ACU)|UOB(ACU)|UOB|REVALUED||
UOBACU-BIBF FC|UOBACU-BIBF FC|SGD|CB-Restructured equities||||Active|00000000|0000|UOB GROUP|UOBACU-BIBF FC|UOB|UOB|NON-REVALUED||
UOBACU-CIU-QFII|UOBACU-CIU-QFII|SGD|Peh Kian Heng||||Active|00000000|0000|UOB GROUP|UOBACU-CIU-QFII|UOB(ACU)|UOB|REVALUED|1-Apr-15|
UOBACU-FC-AVG|UNITED OVERSEAS BANK LTD (ACU) UOBFC|SGD|CB-Restructured equities||||Active|00000000|0000|UOB GROUP|UOB(ACU)-FC|UOB(ACU)|UOB|NON-REVALUED||
UOBACU-FD-GC-NR|UNITED OVERSEAS BK LTD (GC) FUNDS (NR)|SGD|Terence Ong Sea Eng c/o IAC||||Active|00000000|0000|UOB GROUP|UOBACU-FUND-GC|UOBACU-FUND-GC|UOB|NON-REVALUED|23-Jan-14|
UOBACU-FD-IB-NR|UNITED OVERSEAS BANK LTD-FUND BY IB(NR)|SGD|Terence Ong Sea Eng c/o IAC||||Active|00000000|0000|UOB GROUP|UOBACU-FUND-IB|UOBACU-FUND-IB|UOB|NON-REVALUED|23-Jan-14|
UOBACU-FDPEVCNR|UNITED OVERSEAS BK LTD(ACU) FDS PEVC(NR|SGD|Terence Ong Sea Eng c/o IAC||||Active|00000000|0000|UOB GROUP|UOBACU-FDS-PEVC|UOB(ACU)|UOB|NON-REVALUED|23-Jan-14|
UOBACU-FDS-PEVC|UNITED OVERSEAS BANK LTD (ACU) FDS PEVC|SGD|Low Han Seng||||Active|00000000|0000|UOB GROUP|UOBACU-FDS-PEVC|UOB(ACU)|UOB|NON-REVALUED||
UOBACU-FUND-GC|UNITED OVERSEAS BANK LTD (GC) FUNDS|SGD|Fund managed by UOBGC||||Active|00000000|0000|UOB GROUP|UOBACU-FUND-GC|UOB(ACU)|UOB|NON-REVALUED||
UOBACU-FUND-IB|UNITED OVERSEAS BANK LTD - FUNDS BY IB|SGD|Low Han Seng||||Active|00000000|0000|UOB GROUP|UOBACU-FUND-IB|UOBACU-FUND-IB|UOB|REVALUED||
UOBACU-GSAM|UOB-GROUP SPECIAL ASSET MANAGEMENT|SGD|Chua Siok Lian||||Active|00000000|0000|UOB GROUP|UOBACU-FUND-IMD|UOB(ACU)|Subsidiary Company |NON-REVALUED|05-Mar-13|
UOBACU-NR-AVG|UNITED OVERSEAS BANK LTD (ACU)|SGD|OTHERS||||Active|00000000|0000|UOB GROUP|UOBACU-NR-AVG|UOBACU-NR-AVG|UOB|NON-REVALUED|26-Jan-16|
UOBACU-UNQ-AVG|UNITED OVERSEAS BANK LTD (ACU)|SGD|Miscellaneous legacy investments||||Active|00000000|0000|UOB GROUP|UOB(ACU)-IMD|UOB(ACU)|UOB|REVALUED||
UOBACU-UOBVM-AV|UNITED OVERSEAS BANK (ACU)-UOBVM|SGD|For reporting purposes||||Active|00000000|0000|UOB GROUP|UOB(ACU)-UOBVM|UOB|Subsidiary Company |REVALUED||
UOBACU-UOBVM-NR|UNITED OVERSEAS BANK (ACU)-UOBVM (NONRV)|SGD|Yee Foong Leng||||Active|00000000|0000|UOB GROUP|UOB(ACU)-UOBVM|UOB|UOB|NON-REVALUED|23-Jan-14|
UOBAM|UOB ASSET MANAGEMENT|SGD|Low Han Seng||||Active|00000000|0000|UOB GROUP|UOBAM|UOBAM|UOB|NON-REVALUED|20/05/2015|
UOBAM(MALAYSIA)|UOB ASSET MANAGEMENT (MALAYSIA) BERHAD|MYR|Alice Foong Yee Quan||||Active|00000000|0000|UOB GROUP|UOBAM(M)|UOBAM(M)|Subsidiary Company |REVALUED|04-Dec-17|
UOBAM(Thailand)|UOBAM(Thailand) Co|THB|For reporting purposes||||Active|00000000|0000|UOB GROUP|UOBAM(TH)|UOBAM|Subsidiary Company |REVALUED|24-Jul-13|
UOBAM-AVG|UOB ASSET MANAGEMENT|SGD|For reporting purposes||||Active|00000000|0000|UOB GROUP|UOBAM|UOBAM|Subsidiary Company |NON-REVALUED||
UOB-AVG|UNITED OVERSEAS BANK LTD|SGD|Miscellaneous legacy investments||||Active|00000000|0000|UOB GROUP|UOB|UOB|UOB|REVALUED||
UOB-BUYBACK-AVG|UNITED OVERSEAS BANK LTD|SGD|For UIS buyback program||||Active|00000000|0000||UOB-BUYBACK-AVG||Adhoc |REVALUED||
UOBCM-AVG|UOB CAPITAL MANAGEMENT PTE LTD|SGD|For reporting purposes||||Active|00000000|0000|UOB GROUP|UOBCM|UOBCM|Subsidiary Company |||
UOB-COMBKG-AVG|UOB COMMERCIAL BANKING|SGD|Thomas Siah Han Ling||||Active|00000000|0000|UOB GROUP|UOB-COMBKG-AVG|UOB|UOB|REVALUED|20-May-13|
UOB-CORBKG-AVG|UOB CORPORATE BANKING|SGD|Chow Poh Heng||||Active|00000000|0000|UOB GROUP|UOB-CORBKG-AVG|UOB|UOB|REVALUED|20-May-13|
UOB-COWEC-AVG|UNITED OVERSEAS BANK LTD|SGD|Miscellaneous legacy investments||||Active|00000000|0000|UOB GROUP|UOB|UOB|UOB|NON-REVALUED||
UOB-CSD-AVG|"UNITED OVERSEAS BANK LTD, CSD"|SGD|CSD||||Active|00000000|0000|UOB GROUP|UOB|UOB|UOB|NON-REVALUED||
UOB-FC-AVG|UNITED OVERSEAS BANK LTD|SGD|CB-Restructured equities||||Active|00000000|0000|UOB GROUP|UOB|UOB|UOB|NON-REVALUED||
UOB-FUND-AM|UNITED OVERSEAS BANK LTD (AM) FUNDS|SGD|Wong Ann Derk||||Active|00000000|0000|UOB GROUP|UOB-FUND-AM|UOB|UOB|REVALUED||
UOB-FUND-IB|UNITED OVERSEAS BANK LTD (IB) FUNDS|SGD|UOBVM||||Active|00000000|0000|UOB GROUP|UOB-FUND-IB|UOB|UOB|REVALUED||
UOBGC LLC-AVG|UOB GLOBAL CAPITAL LLC|USD|For reporting purposes||||Active|00000000|0000|UOB GROUP|UOBGC LLC|UOBGC LLC|Subsidiary Company |REVALUED||
UOB-GC|UNITED OVERSEAS BANK LTD (GC)|SGD|GLOBAL CAPITAL||||Active|00000000|0000|UOB GROUP|UOB-GC|UOB-GC|UOB|REVALUED|04-Sep-23|
UOB-GSAM|UOB-GROUP SPECIAL ASSET MANAGEMENT|SGD|Chua Siok Lian||||Active|00000000|0000|UOB GROUP|UOB-GSAM|UOB|Subsidiary Company |REVALUED|05-Mar-13|
UOBH(USA)|UOB HOLDINGS (USA)|USD|For reporting purposes||||Active|00000000|0000|UOB GROUP|UOBH(USA)|UOBH(USA)|Subsidiary Company |REVALUED||
UOBII-AVG|UOB INTERNATIONAL INVESTMENT PTE LTD|SGD|For reporting purposes||||Active|00000000|0000|UOB GROUP|UOBII|UOBII|Subsidiary Company |NON-REVALUED||
UOBM-AVG|UNITED OVERSEAS BANK MALAYSIA BHD|MYR|For reporting purposes||||Active|00000000|0000|UOB GROUP|UOBM|UOBM|Subsidiary Company |REVALUED||
UOB-OUB-AVG|UNITED OVERSEAS BANK LTD|SGD|CB-Restructured equities||||Active|00000000|0000|UOB GROUP|UOB-OUB|UOB|UOB|REVALUED||
UOBP COL INC|"UOBP COLLECTIONS, INC"|PHP|For reporting purposes||||Active|00000000|0000|UOB GROUP|UOBP|UOBP|Subsidiary Company |NON-REVALUED||
UOB-S32-SPV|UOB SECTION 32-SPV|SGD|For reporting purposes||||Active|00000000|0000|UOB GROUP|||UOB|NON-REVALUED|6-Sep-16|
UOB-SBB-CANCEL|UOB ORD SHARE BUYBACK FOR CANCELLATION|SGD|OTHERS||||Active|00000000|0000|UOB GROUP|UOB-SBB-CANCEL|UOB-SBB-CANCEL|UOB|NON-REVALUED|15-Apr-25|
UOB-SHS IN TRST|UOB SHARES HELD IN TRUST|SGD|For recording purposes||||Active|00000000|0000||||Share Trust|NON-REVALUED|20/03/2014|
UOB-TO-BKCHAIN|GWB – Blockchain (BCDA)|SGD|Transformation Office||||Active|00000000|0000|UOB GROUP|UOB-TO-BKCHAIN|UOB|UOB|REVALUED|26-May-22|
UOBVM|UOB VENTURE MANAGEMENT|SGD|Yee Foong Leng||||Active|00000000|0000|UOB GROUP|UOBVM|UOBVM|Subsidiary Company |NON-REVALUED||
UOBVM SHANGHAI|UOB VENTURE MANAGEMENT SHANGHAI|CNY|Yee Foong Leng||||Active|00000000|0000|UOB GROUP|UOBVM SHANGHAI|UOBVM SHANGHAI|Subsidiary Company |||
UOBVM-FUNDS|UOB VENTURE MANAGEMENT - FUNDS|SGD|Yee Foong Leng||||Active|00000000|0000|UOB GROUP|DISCF|UOBVM-FUNDS|UOBVM Funds|||
UOB-WO/DEFAULT|UOB W/O INVESTMENTS & DEFAULTED BONDS|SGD|For record purposes||||Active|00000000|0000|UOB GROUP|UOB-W/O INVEST||UOB|REVALUED||
UOC FUND|UNITED ORIENT CAPITAL FUND LP|SGD|For reporting purposes||||Active|00000000|0000|UOB ASSOCIATE|UOC FUND|UOC FUND|Associated Company||24-Jul-15|
UOI-UOI-AVG|UNITED OVERSEAS INSURANCE LTD|SGD|For reporting purposes||||Active|00000000|0000|UOB GROUP|UOI-UOI|UOI|Subsidiary Company |NON-REVALUED||
UPEI|UNITED PRIVATE EQUITY INVESTMENTS (CAYMAN) LIMITED|USD|For reporting purposes||||Active|00000000|0000|UOB GROUP|UPEI|UPEI|Subsidiary Company |REVALUED|13/02/2015|
US RE Fund II|US RE FUND II OFFSHORE FEEDER 1 LTD|USD|UOBGC||||Active|00000000|0000|UOB GROUP|US RE FD II OS|US RE FD II OS|UOB SUBSIDIARY|REVALUED|27-Mar-20|
VUI PTE LTD|VUI PRIVATE LIMITED|SGD|For reporting purposes||||Active|00000000|0000|UOB ASSOC GROUP|VUI PL|VUI PL|Associated Company|REVALUED|25-Jan-21|
AIIF CP II LTD|AIIF CAPITAL PARTNERS II LIMITED|SGD|UOBVM||||Active|00000000|0000|UOB GROUP|AIIF CP II|AIIF CP II|UOBVM|NON-REVALUED|22-Jun-21|
SHANGHAI I P F|SHANGHAI INNOVEN PVT FUND MGMT CO LTD|SGD|For reporting purposes||||Active|00000000|0000|UOB ASSOC GROUP|SHANGHAI I P F|SHANGHAI I P F|UOB ASSOCIATE||16-Mar-23|
LINDEN P I VN|LINDEN PROPERTY INVT VIETNAM PL|SGD|Caroline Chong Li Ching/Tan Kim Chuan||||Active|00000000|0000|UOB GROUP|LINDEN P I VN|LINDEN P I VN|UOB SUBSIDIARY|NON-REVALUED|4-Dec-24|
EUCALYPTUS JS|EUCALYPTUS JOINT STOCK COMPANY|SGD|Caroline Chong Li Ching/Tan Kim Chuan||||Active|00000000|0000|UOB GROUP|EUCALYPTUS JS|EUCALYPTUS JS|UOB SUBSIDIARY|NON-REVALUED|4-Dec-24|
DAISY LLC|DAISY LIMITED LIABILITY COMPANY|SGD|Caroline Chong Li Ching/Tan Kim Chuan||||Active|00000000|0000|UOB GROUP|DAISY LLC|DAISY LLC|UOB SUBSIDIARY|NON-REVALUED|4-Dec-24|
CEDAR CONS LLC|CEDAR CONSULTANCY LTD LIABILITY CO|SGD|Caroline Chong Li Ching/Tan Kim Chuan||||Active|00000000|0000|UOB GROUP|CEDAR CONS LLC|CEDAR CONS LLC|UOB SUBSIDIARY|NON-REVALUED|4-Dec-24|
BIRCH RE BIZ|BIRCH REAL ESTATE BIZ LTD LIAB CO|SGD|Caroline Chong Li Ching/Tan Kim Chuan||||Active|00000000|0000|UOB GROUP|BIRCH RE BIZ|BIRCH RE BIZ|UOB SUBSIDIARY|NON-REVALUED|4-Dec-24|
UOB LABUAN|UOB LABUAN|MYR|OTHERS||||Active|00000000|0000|UOB GROUP|UOB LABUAN|UOB LABUAN|UOB Branch|REVALUED|10-Nov-25|
zzASIA ALPHA FD|ASIA ALPHA FUND|USD|To capture investments||||Active|00000000|0000|UOB GROUP|AAF|AAF|Subsidiary Company |REVALUED|04-Dec-15|
zzUOB-CIU-FI|UOB CIU Fixed Income Funds|SGD|CIU||||Active|00000000|0000|UOB GROUP|UOB-CIU-FI|UOB|UOB|REVALUED|20-Aug-21|
zzUOBACUCIUMAST|UOBACU CIU MULTIASSET|USD|CIU||||Active|00000000|0000|UOB GROUP|UOBACU-CIU-MAST|UOB(ACU)|UOB|REVALUED|8-Oct-18|
zPING AN UOB FD|PING AN UOB FUND MANAGEMENT CO LTD|CNY|For reporting purposes||||Active|00000000|0000|UOB ASSOC GROU|PING AN UOB FD|PING AN UOB FD|Associated Company|||
zPINGAN-UOBW AM|PINGAN-UOB WEALTHTONE ASSET MGMT PL|SGD|PING AN UOB FD||||Active|00000000|0000|UOB ASSOC GROUP|PINGAN-UOB W AM|PINGAN-UOB W AM|UOB ASSOCIATE||26-Jan-16|
zSEA VENTUREGRP|SEA VENTURE GROUP LTD - GSAM|SGD|Chua Siok Lian||||Active|00000000|0000||UOB-GSAM||UOB|REVALUED|25-Feb-14|
zUOBACU-CP4-AVG|UNITED OVERSEAS BANK LTD (ACU)|SGD|Low Han Seng||||Active|00000000|0000|UOB GROUP|UOB(ACU)-CP4|UOB(ACU)|UOB|NON-REVALUED||
zUOBACU-FOHF-CS|UOBACU-FOHF-CS|SGD|Peh Kian Heng||||Active|00000000|0000|UOB GROUP|zUOBACU-FOHF-CS|UOB|No longer required|REVALUED|20-Nov-13|
zUOBACU-FOHF-dB|DEUTSCHE BANK FUND OF HEDGE FUNDS|SGD|Peh Kian Heng||||Active|00000000|0000|UOB GROUP|zUOBACU-FOHF-DB|UOB|No longer required|REVALUED|28-Jan-15|
zUOBACU-FUNDIMD|UNITED OVERSEAS BANK LTD (ACU) FUNDS|SGD|Low Han Seng||||Active|00000000|0000|UOB GROUP|zUOBACU-FUNDIMD|UOB(ACU)|No longer required|NON-REVALUED||
zUOBACU-GSB-AVG|UOB(ACU)-GSB SME OPP FUND|SGD|Fund managed by UOBAM||||Active|00000000|0000|UOB GROUP|UOBACU-GSB-AVG|UOB(ACU)|UOB|REVALUED||
zUTD ASIA DIVPG|UNITED ASIA DIVERSIFIER PROGRAM|SGD|For reporting purposes||||Active|00000000|0000|UOB GROUP|UTD ASIA DIV PG|UTD ASIA DIV PG|UOB Subsidiary|REVALUED|4-Jul-18|
zzA/C XYZ||SGD|||||Active|00000000|0000||||No longer required|||
zzAAMB|ASIAN AMERICAN MERCHANT BANK|SGD|||||Active|00000000|0000|UOB ASSOC GROU|AAMB|AAMB|No longer required|||
zzAFFIN-UOB HLD|AFFIN-UOB HOLDINGS|MYR|||||Active|00000000|0000|UOB ASSOC GROU|AFFIN-UOB HLDGS|AFFIN-UOB HLDG|No longer required|||
zzAFFIN-UOB SEC|AFFIN-UOB SECURITIES SDN BHD|MYR|||||Active|00000000|0000|UOB ASSOC GROU|AFFIN-UOB HLDGS|AFFIN-UOB HLDG|No longer required|||
zzAXA INSURANCE|AXA INSURANCE PCL|THB|||||Active|00000000|0000|UOB ASSOC GROU|AXA INSURANCE|AXA INSURANCE|No longer required|||
zzCIU ALPHA|CIU ALPHA|SGD|Peh Kian Heng||||Active|00000000|0000|UOB GROUP|CIU ALPHA|UOB|No longer required|NON-REVALUED||
zzCKB|CHUNG KHIAW  BANK|SGD|||||Active|00000000|0000||||No longer required|||
zzCKB (MCO)|CHUNG KHIAW BK M'SIA CENTRAL OFFICE|MYR|||||Active|00000000|0000||||No longer required|NON-REVALUED||
zzCKB(HK)-AVG|CKB HONG KONG|HKD|||||Active|00000000|0000|UOB GROUP|CKB HK|CKB HK|No longer required|NON-REVALUED||
zzCKBACU-A-CF-A|CHUNG KHIAW BANK LTD|USD|||||Active|00000000|0000|UOB GROUP|CKB(ACU)-CF|CKB(ACU)-CF|No longer required|REVALUED||
zzCKBACU-AVG|CHUNG KHIAW BANK LTD (ACU)|USD|||||Active|00000000|0000|UOB GROUP|CKB(ACU)|CKB(ACU)|No longer required|REVALUED||
zzCKBACU-T-AVG|CHUNG KHIAW BANK LTD (ACU) - TRADING|USD|||||Active|00000000|0000|UOB GROUP|CKB(ACU)|CKB(ACU)|No longer required|REVALUED||
zzCKBACU-TAX|CHUNG KHIAW BANK LTD (ACU)|USD|||||Active|00000000|0000|UOB GROUP|CKB(ACU)|CKB(ACU)|No longer required|REVALUED||
zzCKBACU-TDL-AV|CHUNG KHIAW BANK LTD (ACU)|USD|||||Active|00000000|0000|UOB GROUP|CKB(ACU)|CKB(ACU)|No longer required|REVALUED||
zzCKBACU-T-TAX|CHUNG KHIAW BANK LTD (ACU) - TRADING|USD|||||Active|00000000|0000|UOB GROUP|CKB(ACU)|CKB(ACU)|No longer required|REVALUED||
zzCKB-AVG|CHUNG KHIAW BANK LTD|SGD|||||Active|00000000|0000|UOB GROUP|LIQ CKB|LIQ CKB|No longer required|REVALUED||
zzCKB-T-AVG|CHUNG KHIAW BANK LTD - TRADING|SGD|||||Active|00000000|0000|UOB GROUP|LIQ CKB|LIQ CKB|No longer required|REVALUED||
zzCKB-TAX|CHUNG KHIAW BANK LTD|SGD|||||Active|00000000|0000|UOB GROUP|LIQ CKB|LIQ CKB|No longer required|REVALUED||
zzCKF|CHUNG KHIAW FINANCE (M) BHD|SGD|||||Active|00000000|0000||||No longer required|||
zzCKF-TAX|CHUNG KHIAW FINANCE (M) BHD|SGD|||||Active|00000000|0000|UOB GROUP|CKF|CKF|No longer required|NON-REVALUED||
zzCKR-AVG|CHUNG KHIAW REALTY LTD|SGD|||||Active|00000000|0000|UOB GROUP|CKR|CKR|No longer required|NON-REVALUED||
zzDUMMY||SGD|||||Active|00000000|0000||||No longer required|||
zzExternal|External Transactions Outside Portia|SGD|||||Active|00000000|0000||||No longer required|||
zzFEB|FAR EASTERN BANK|SGD|||||Active|00000000|0000||||No longer required|||
zzFEB-A-CF-AVG|FAR EASTERN BANK LTD|SGD|||||Active|00000000|0000|UOB GROUP|FEB-CF|FEB|No longer required|REVALUED||
zzFEB-TAX|FAR EASTERN BANK LTD|SGD|||||Active|00000000|0000|UOB GROUP|FEB|FEB|No longer required|REVALUED||
zzFEB-TDL-AVG|FAR EASTERN BANK LTD|SGD|||||Active|00000000|0000|UOB GROUP|FEB|FEB|No longer required|REVALUED||
zzGHP|GIM HUAT PTE LTD|SGD|||||Active|00000000|0000||||No longer required|||
zzGHP-TAX|GIM HUAT PTE LTD|SGD|||||Active|00000000|0000|UOB GROUP|GHP|GHP|No longer required|||
zzGRAND ORIENT|GRAND ORIENT SECURITIES|SGD|||||Active|00000000|0000|OUB GROUP|GRAND ORIENT|GRAND ORIENT|No longer required|NON-REVALUED||
zzHAWPAR|HAW PAR BROTHERS INTERNATIONAL LTD|SGD|||||Active|00000000|0000||||No longer required|||
zzHAWPAR(CAP)-A|HAW PAR CAPITAL PTE LTD|SGD|||||Active|00000000|0000|HAWPAR GROUP|HAWPAR(CAP)|HAWPAR(CAP)|No longer required|||
zzHAWPAR(INT)-A|HAW PAR INTERNATIONAL LTD|HKD|||||Active|00000000|0000|HAWPAR GROUP|HAWPAR(INT)|HAWPAR(INT)|No longer required|||
zzHAWPAR(INT)-T|HAW PAR INTERNATIONAL LTD|HKD|||||Active|00000000|0000|HAWPAR GROUP|HAWPAR(INT)|HAWPAR(INT)|No longer required|||
zzHAWPAR-AVG|HAW PAR BROTHERS INTERNATIONAL LTD|SGD|||||Active|00000000|0000|HAWPAR GROUP|HAWPAR|HAWPAR|No longer required|||
zzHAWPAR-TAX|HAW PAR BROTHERS INTERNATIONAL LTD|SGD|||||Active|00000000|0000|HAWPAR GROUP|HAWPAR|HAWPAR|No longer required|||
zzHOTEL NEGARA|HOTEL NEGARA|SGD|||||Active|00000000|0000|OUBASSOC GROUP|HOTEL NEGARA|HOTEL NEGARA|No longer required|NON-REVALUED||
zzHPL|HOTEL PLAZA|SGD|||||Active|00000000|0000||||No longer required|||
zzHPL-AVG|HOTEL PLAZA LTD|SGD|||||Active|00000000|0000|UOL GROUP|HPL|HPL|No longer required|||
zzHPL-TAX|HOTEL PLAZA LTD|SGD|||||Active|00000000|0000|UOL GROUP|HPL|HPL|No longer required|||
zzICB|INDUSTRIAL & COMMERCIAL BANK|SGD|||||Active|00000000|0000||||No longer required|||
zzICB (ACU)|INDUSTRIAL & COMMERCIAL BANK (ACU)|USD|||||Active|00000000|0000|UOB GROUP|||No longer required|||
zzICBACU-A-CF-A|INDUSTRIAL & COMMERCIAL BANK (ACU)|USD|||||Active|00000000|0000|UOB GROUP|ICB(ACU)-CF|ICB GROUP|No longer required|REVALUED||
zzICBACU-AVG|INDUSTRIAL & COMMERCIAL BANK (ACU)|USD|||||Active|00000000|0000|UOB GROUP|ICB(ACU)|ICB GROUP|No longer required|REVALUED||
zzICBACUFCSAVG|INDUSTRIAL & COMMERCIAL BANK (ACU)|USD|||||Active|00000000|0000|UOB GROUP|ICB(ACU)-FCS|ICB GROUP|No longer required|REVALUED||
zzICBACUIHEDAVG|INDUSTRIAL&COMMERCIAL BANK(ACU) - HEDGE|USD|||||Active|00000000|0000|UOB GROUP|ICB(ACU)|ICB GROUP|No longer required|REVALUED||
zzICBACU-TAX|INDUSTRIAL & COMMERCIAL BANK (ACU)|USD|||||Active|00000000|0000|UOB GROUP|ICB(ACU)|ICB GROUP|No longer required|REVALUED||
zzICBACU-TDLAVG|INDUSTRIAL & COMMERCIAL BANK (ACU)|USD|||||Active|00000000|0000|UOB GROUP|ICB(ACU)|ICB GROUP|No longer required|REVALUED||
zzICBACU-TDLTAX|INDUSTRIAL & COMMERCIAL BANK LTD (ACU)|USD|||||Active|00000000|0000|UOB GROUP|ICB(ACU)|ICB GROUP|No longer required|REVALUED||
zzICBACUUOBVMAV|INDUSTRIAL COMMERCIAL BANK (ACU)-UOBVM|USD|||||Active|00000000|0000|UOB GROUP|ICB(ACU)-UOBVM|ICB GROUP|No longer required|REVALUED||
zzICB-AVG|INDUSTRIAL & COMMERCIAL BANK LTD|SGD|||||Active|00000000|0000|UOB GROUP|ICB|ICB GROUP|No longer required|REVALUED||
zzICBF(HK)|ICB FINANCE (HONG KONG)|HKD|||||Active|00000000|0000|UOB GROUP|ICBF(HK)||No longer required|||
zzICBF(HK)-AVG|ICB FINANCE LTD|HKD|||||Active|00000000|0000|UOB GROUP|ICBF(HK)|ICB GROUP|No longer required|NON-REVALUED||
zzICBF(HK)-TAX|ICB FINANCE LTD|HKD|||||Active|00000000|0000|UOB GROUP|ICBF(HK)|ICB GROUP|No longer required|REVALUED||
zzICB-TAX|INDUSTRIAL & COMMERCIAL BANK LTD|SGD|||||Active|00000000|0000|UOB GROUP|ICB|ICB GROUP|No longer required|REVALUED||
zzICB-TDL-AVG|INDUSTRIAL & COMMERCIAL BANK LTD|SGD|||||Active|00000000|0000|UOB GROUP|ICB|ICB GROUP|No longer required|REVALUED||
zzICB-TDL-TAX|INDUSTRIAL & COMMERCIAL BANK LTD|SGD|||||Active|00000000|0000|UOB GROUP|ICB|ICB GROUP|No longer required|NON-REVALUED||
zzICI-SHF|ICI-SHAREHOLDERS' FUND|SGD|||||Active|00000000|0000|UOB GROUP|ICI-SHF||No longer required|||
zzICI-SHF AM|IND & COMM INSURANCE LTD-SHF|SGD|||||Active|00000000|0000|UOB GROUP|ICI-SHF AM|ICB GROUP|No longer required|NON-REVALUED||
zzICI-SHF-AVG|IND & COMM INSURANCE LTD-SHF|SGD|||||Active|00000000|0000|UOB GROUP|ICI-SHF|ICB GROUP|No longer required|NON-REVALUED||
zzICI-SHF-TAX|IND & COMM INSURANCE LTD-SHF|SGD|||||Active|00000000|0000|UOB GROUP|ICI-SHF|ICB GROUP|No longer required|NON-REVALUED||
zzICI-SIF|ICI-SINGAPORE INSURANCE FUND|SGD|||||Active|00000000|0000|UOB GROUP|||No longer required|||
zzICI-SIF AM|IND & COMM INSURANCE LTD-SIF|SGD|||||Active|00000000|0000|UOB GROUP|ICI-SIF AM|ICB GROUP|No longer required|NON-REVALUED||
zzICI-SIF-AVG|IND & COMM INSURANCE LTD-SIF|SGD|||||Active|00000000|0000|UOB GROUP|ICI-SIF|ICB GROUP|No longer required|NON-REVALUED||
zzICI-SIF-TAX|IND & COMM INSURANCE LTD-SIF|SGD|||||Active|00000000|0000|UOB GROUP|ICI-SIF|ICB GROUP|No longer required|NON-REVALUED||
zzICR|INDUSTRIAL & COMMERCIAL REALTY LTD|SGD|||||Active|00000000|0000|UOB GROUP|ICR|ICR|No longer required|||
zzKHENGLEONGKIP|KHENG LEONG K.I.P INC|HKD|||||Active|00000000|0000|KHENG LEONG|KHENG LEONG||No longer required|||
zzLIQ SD CKRAVG|LIQ SD CHUNG KHIAW REALTY LTD|SGD|||||Active|00000000|0000|UOB GROUP|LIQ CKB|LIQ CKB|No longer required|NON-REVALUED||
zzLIQ SD OUHAVG|LIQ SD OVERSEAS UNION HOLDINGS|SGD|||||Active|00000000|0000|OUB GROUP|LIQ SD OUH|LIQ SD OUH|No longer required|NON-REVALUED||
zzLIQ SDUOBEQTY|LIQ SD UOB EQUITY HOLDINGS PTE LTD|SGD|||||Active|00000000|0000|UOB GROUP|LIQ UOB EQTY|LIQ UOB EQTY|No longer required|NON-REVALUED||
zzLIQ SDUOBWHSE|LIQ SD UOB WAREHOUSE|SGD|||||Active|00000000|0000|UOB GROUP|LIQ UOBW|LIQ UOBW|No longer required|NON-REVALUED||
zzLIQOUB.COMAVG|LIQ OUB.COM|SGD|||||Active|00000000|0000|OUB GROUP|LIQ OUB.COM|LIQ OUB.COM|No longer required|NON-REVALUED||
zzLIQSDUOBFHK-A|LIQ UOB FINANCE (HONG KONG) LTD - AVG|SGD|||||Active|00000000|0000|UOB GROUP|LIQ UOBF(HK)|LIQ UOBF(HK)|No longer required|REVALUED||
zzLWB|LEE WAH BANK|SGD|||||Active|00000000|0000|UOB GROUP|||No longer required|||
zzLWB (MCO)|LEE WAH BANK M'SIA CENTRAL OFFICE|MYR|||||Active|00000000|0000||||No longer required|||
zzLWB-AVG|LEE WAH BANK LTD|SGD|||||Active|00000000|0000|UOB GROUP|LWB|LWB|No longer required|||
zzLWB-TAX|LEE WAH BANK LTD|SGD|||||Active|00000000|0000|UOB GROUP|LWB|LWB|No longer required|||
zzMERITCO DEVT|MERITCO DEVELOPMENT|SGD|||||Active|00000000|0000|OUBASSOC GROUP|MERITCO DEVT|MERITCO DEVT|No longer required|NON-REVALUED||
zzOUB AUSTRALIA|OUB AUSTRALIA|AUD|||||Inactive|00000000|0000|OUB GROUP|OUB AUSTRALIA|OUB AUSTRALIA|No longer required|NON-REVALUED||
zzOUB BULLION|OUB BULLION AND FUTURES|SGD|||||Inactive|00000000|0000|OUB GROUP|OUB BULLION|OUB BULLION|No longer required|NON-REVALUED||
zzOUB CREDIT(M)|OUB CREDIT (M) BHD|MYR|||||Inactive|00000000|0000|UOB GROUP|OUB CREDIT (M)|OUB CREDIT (M)|No longer required|REVALUED||
zzOUB MANULIFE|OUB MANULIFE|SGD|||||Inactive|00000000|0000|OUB GROUP|OUB MANULIFE|OUB MANULIFE|No longer required|NON-REVALUED||
zzOUB NOMS-TEMP|OUB NOMINEES (TEMPATAN) SDN BHD|MYR|||||Inactive|00000000|0000|UOB GROUP|OUB NOMS(TEMP)|OUB NOMS(TEMP)|No longer required|REVALUED||
zzOUB SEC (HK)|OUB SECURITIES (HK)|SGD|||||Inactive|00000000|0000|OUB GROUP|OUB SEC (HK)|OUB SEC (HK)|No longer required|NON-REVALUED||
zzOUB(M)-AVG|OUB MALAYSIA|SGD|||||Inactive|00000000|0000|OUB GROUP|OUB(M)|OUB(M)|No longer required|NON-REVALUED||
zzOUB.COM-AVG|OUB.COM|SGD|||||Inactive|00000000|0000|OUB GROUP|OUB.COM|OUB.COM|No longer required|NON-REVALUED||
zzOUBAM-AVG|OUB ASSET MANAGEMENT LTD|SGD|||||Inactive|00000000|0000|OUB GROUP|OUBAM|OUBAM|No longer required|NON-REVALUED||
zzOUBARB-AVG|OUB ARBITRAGE|SGD|||||Inactive|00000000|0000|OUBARB GROUP|OUBARB|OUBARB|No longer required|NON-REVALUED||
zzOUBNOMS-ASING|OUB NOMINEES (ASING) SDN BHD|MYR|||||Inactive|00000000|0000|UOB GROUP|OUB NOMS(ASING)|OUB NOMS(ASING|No longer required|REVALUED||
zzOUBS-AVG|OUB SECURITIES|SGD|||||Inactive|00000000|0000|OUB GROUP|OUBS|OUBS|No longer required|NON-REVALUED||
zzOUD-AVG|OVERSEAS UNION DEVELOPMENTS|SGD|||||Inactive|00000000|0000|OUD GROUP|OUD|OUD|No longer required|NON-REVALUED||
zzOUE|OVERSEAS UNION ENTERPRISE|SGD|||||Inactive|00000000|0000|OUBASSOC GROUP|OUE|OUE|No longer required|NON-REVALUED||
zzOUG-AVG|OVERSEAS UNION GARDEN|MYR|||||Inactive|00000000|0000|OUBASSOC GROUP|OUG|OUG|No longer required|NON-REVALUED||
zzOUH(A)-AVG|OVERSEAS UNION HOLDINGS (AUSTRALIA)|AUD|||||Inactive|00000000|0000|OUB GROUP|OUH(A)|OUH(A)|No longer required|REVALUED||
zzOUH-AVG|OVERSEAS UNION HOLDINGS|SGD|For reporting purposes||||Inactive|00000000|0000|OUB GROUP|OUH|OUH|No longer required|NON-REVALUED||
zzOUIAM|OVERSEAS UNION INSURANCE - ASSET MGT|SGD|||||Inactive|00000000|0000|OUBASSOC GROUP|OUIAM|OUIAM|No longer required|NON-REVALUED||
zzOUL-AVG|OVERSEAS UNION LAND|SGD|||||Inactive|00000000|0000|OUBASSOC GROUP|OUL|OUL|No longer required|NON-REVALUED||
zzOUS-AVG|OVERSEAS UNION SECURITIES LTD|SGD|||||Inactive|00000000|0000|OUB GROUP|OUS|OUS|No longer required|NON-REVALUED||
zzOUST-AVG|OUS TRADING PTE LTD|SGD|||||Inactive|00000000|0000|OUB GROUP|OUST|OUST|No longer required|NON-REVALUED||
zzOUS-TAX|OVERSEAS UNION SECURITIES - TAX|SGD|||||Inactive|00000000|0000|OUS-TAX GROUP|OUS-TAX|OUS-TAX|No longer required|NON-REVALUED||
zzOUT-AVG|OVERSEAS UNION TRUST|SGD|||||Inactive|00000000|0000|OUB GROUP|OUT|OUT|No longer required|NON-REVALUED||
zzPICKWICK-AVG|PICKWICK|SGD|||||Inactive|00000000|0000|HAWPAR GROUP|PICKWICK|PICKWICK|No longer required|||
zzPT BANK BUANA|PT BANK BUANA|IDR|||||Inactive|00000000|0000|UOB GROUP|PT BANK BUANA|PT BANK BUANA|No longer required|REVALUED||
zzRDCI-AVG|RDCI INTERNATIONAL PTE LTD|SGD|||||Inactive|00000000|0000|UOB GROUP|RDCI|RDCI|No longer required|||
zzSD CKB-AVG|CHUNG KHIAW BANK LTD - SUBSIDIARY|SGD|||||Inactive|00000000|0000|UOB GROUP|LIQ CKB|LIQ CKB|No longer required|NON-REVALUED||
zzSD CKR-AVG|CHUNG KHIAW REALTY LTD - SUBSIDIARY|SGD|||||Inactive|00000000|0000|UOB GROUP|CKR|CKR|No longer required|NON-REVALUED||
zzSD GHC-AVG|GH CARRIER LTD|SGD|||||Inactive|00000000|0000|UOB GROUP|GHC|GHC|No longer required|NON-REVALUED||
zzSD GHP-AVG|GIM HUAT PTE LTD|SGD|||||Inactive|00000000|0000|UOB GROUP|GHP|GHP|No longer required|NON-REVALUED||
zzSD ICB-AVG|INDUSTRIAL & COMMERCIAL BANK LTD - SUB|SGD|||||Inactive|00000000|0000|UOB GROUP|ICB|ICB GROUP|No longer required|NON-REVALUED||
zzSD ICR-AVG|INDUSTRIAL & COMMERCIAL REALTY LTD -SUB|SGD|||||Inactive|00000000|0000|UOB GROUP|ICR|ICR|No longer required|NON-REVALUED||
zzSD OUBAM-AVG|OUB ASSET MANAGEMENT LTD - SUBSIDIARY|SGD|||||Inactive|00000000|0000|OUB GROUP|OUBAM|OUBAM|No longer required|NON-REVALUED||
zzSD UAL-I-AVG|UOB ASIA LIMITED-INVMT SUBSI|SGD|||||Inactive|00000000|0000|UOB GROUP|UAL-I|UAL|No longer required|NON-REVALUED||
zzSD UIL-AVG|UNITED INVESTMENT LTD|SGD|||||Inactive|00000000|0000|UOB GROUP|UIL|UIL|No longer required|NON-REVALUED||
zzSD UMYK-AVG|UNITED MOK YING KIE|HKD|||||Inactive|00000000|0000|UOB GROUP|UMYK|UMYK|No longer required|NON-REVALUED||
zzSD UOB BALI|PT UOB BALI|IDR|||||Inactive|00000000|0000|UOB GROUP|UOB BALI|UOB BALI|No longer required|REVALUED||
zzSD UOBACU-AVG|UNITED OVERSEAS BANK LTD (ACU)|USD|||||Inactive|00000000|0000|UOB GROUP|UOB(ACU)-IMD|UOB(ACU)|No longer required|NON-REVALUED||
zzSD UOBCIL-AVG|UOB CAPITAL INVESTMENTS PTE LTD - SUB|SGD|||||Inactive|00000000|0000|UOB GROUP|UOBCI|UOBCI|No longer required|||
zzSD UOBCML-AVG|UOB CAPITAL MANAGEMENT PTE LTD - SUB|SGD|||||Inactive|00000000|0000|UOB GROUP|UOBCM|UOBCM|No longer required|||
zzSD UOBFHK-AVG|UOB FINANCE (HONG KONG) LTD - AVG|SGD|||||Inactive|00000000|0000|UOB GROUP|UOBF(HK)|UOBF(HK)|No longer required|REVALUED||
zzSD UOBS|UOB SECURITIES LTD|SGD|||||Inactive|00000000|0000|UOB GROUP|UOBS|UOBS|No longer required|NON-REVALUED||
zzSD UOBWAREHSE|UOB WAREHOUSE - SUBSIDIARY|SGD|||||Inactive|00000000|0000|UOB GROUP|UOBW|LIQ UOBW|No longer required|NON-REVALUED||
zzSD UOF-AVG|UNITED OVERSEAS FINANCE LTD - SUB|SGD|||||Inactive|00000000|0000|UOB GROUP|UOF|UOF|No longer required|NON-REVALUED||
zzSDUOBACU-OUBA|UNITED OVERSEAS BANK LTD (ACU)|USD|||||Inactive|00000000|0000|UOB GROUP|UOB(ACU)-OUB|UOB(ACU)|No longer required|NON-REVALUED||
zzSDUOB-ASIAAVG|UOB ASIA LTD - SUBSIDARY|HKD|||||Inactive|00000000|0000|UOB GROUP|UOB ASIA (HK)|UOB ASIA (HK)|No longer required|NON-REVALUED||
zzSDUOB-EQTYAVG|UOB EQUITY HOLDINGS PTE LTD - SUBSIDARY|SGD|||||Inactive|00000000|0000|UOB GROUP|UOB EQTY|UOB EQTY|No longer required|NON-REVALUED||
zzSDUOBL-SHFAVG|UOB LIFE ASSURANCE LTD-SHF - SUBSIDARY|SGD|||||Inactive|00000000|0000|UOB GROUP|UOBLIFE-SHF|UOBLIFE-SHF|No longer required|NON-REVALUED||
zzSECINVESTMENT|SECURITIES INVESTMENT|SGD|||||Inactive|00000000|0000|SEC INVT GROUP|SEC INVESTMENT|SEC INVESTMENT|No longer required|NON-REVALUED||
zzSML-AVG|STRAITS MARITIME LEASING|SGD|||||Inactive|00000000|0000|HAWPAR GROUP|SML|SML|No longer required|||
zzSVIL|SECURE VENTURE INVESTMENT|SGD|||||Inactive|00000000|0000|UOL GROUP|||No longer required|||
zzSVIL-AVG|SECURE VENTURE INVESTMENT - AVG|SGD|||||Inactive|00000000|0000|UOL GROUP|SVIL|SVIL|No longer required|||
zzSVIL-TAX|SECURE VENTURE INVESTMENT - TAX|SGD|||||Inactive|00000000|0000|UOL GROUP|SVIL|SVIL|No longer required|||
zzTEMPLATE|zzTEMPLATE FOR UPDATE GROUPS|MYR|||||Inactive|00000000|0000|UOB ASSOC GROU|UOB KAY HIAN|UOB KAY HIAN|No longer required|||
zzTOWER-ED|TOWER-ED|MYR|||||Inactive|00000000|0000|UOB ASSOC GROU|TOWER-ED|TOWER-ED|No longer required|||
zzTS-0307-HKD|TS INVESTMENT - HKD|SGD|Tam Kwok Fun||||Inactive|00000000|0000|UOB GROUP|TS-0307||No longer required|REVALUED||
zzTS-0308-SGD|TS INVESTMENT - SGD|SGD|Tam Kwok Fun||||Inactive|00000000|0000|UOB GROUP|TS-0308||No longer required|REVALUED||
zzTS-4690-HKD|TS INVESTMENT - HKD|SGD|Tam Kwok Fun||||Inactive|00000000|0000|UOB GROUP|TS-4690||No longer required|REVALUED||
zzTS-4690-SGD|TS INVESTMENT - SGD|SGD|Tam Kwok Fun||||Inactive|00000000|0000|UOB GROUP|TS-4690||No longer required|REVALUED||
zzTS-5591-AUD|TS EQUITY TRADING - AUD|AUD|||||Inactive|00000000|0000|UOB GROUP|TS-5591||No longer required|REVALUED||
zzTS-5591-CHF|TS EQUITY TRADING - CHF|CHF|||||Inactive|00000000|0000|UOB GROUP|TS-5591||No longer required|REVALUED||
zzTS-5591-EUR|TS EQUITY TRADING - EUR|EUR|||||Inactive|00000000|0000|UOB GROUP|TS-5591||No longer required|REVALUED||
zzTS-5591-GBP|TS EQUITY TRADING - GBP|GBP|||||Inactive|00000000|0000|UOB GROUP|TS-5591||No longer required|REVALUED||
zzTS-5591-HKD|TS EQUITY TRADING - HKD|HKD|To capture warrant if any||||Inactive|00000000|0000|UOB GROUP|TS-5591||No longer required|REVALUED||
zzTS-5591-JPY|TS EQUITY TRADING - JPY|JPY|To capture warrant if any||||Inactive|00000000|0000|UOB GROUP|TS-5591||No longer required|REVALUED||
zzTS-5591-MYR|TS EQUITY TRADING - MYR|MYR|To capture warrant if any||||Inactive|00000000|0000|UOB GROUP|TS-5591||No longer required|REVALUED||
zzTS-5591-QTY|TS EQUITY TRADING - QTY|SGD|||||Inactive|00000000|0000|UOB GROUP|TS-5591||No longer required|REVALUED||
zzTS-5591-SGD|TS EQUITY TRADING - SGD|SGD|To capture warrant if any||||Inactive|00000000|0000|UOB GROUP|TS-5591||No longer required|REVALUED||
zzTS-5591-USD|TS EQUITY TRADING - USD|USD|To capture warrant if any||||Inactive|00000000|0000|UOB GROUP|TS-5591||No longer required|REVALUED||
zzTS-5592-QTY|TS EQUITY TRADING - QTY|SGD|||||Inactive|00000000|0000|UOB GROUP|TS-5592||No longer required|REVALUED||
zzTS-5592-SGD|TS EQUITY TRADING - SGD|SGD|||||Inactive|00000000|0000|UOB GROUP|TS-5592||No longer required|REVALUED||
zzTSCUSTOMERAUD|TS CUSTOMER - AUD|AUD|||||Inactive|00000000|0000|UOB GROUP|TS-CUSTOMER-AUD||No longer required|NON-REVALUED||
zzTSCUSTOMERCHF|TS CUSTOMER - CHF|CHF|||||Inactive|00000000|0000|UOB GROUP|TS-CUSTOMER-SGD||No longer required|NON-REVALUED||
zzTSCUSTOMERGBP|TS CUSTOMER - GBP|GBP|||||Inactive|00000000|0000|UOB GROUP|TS-CUSTOMER-GBP||No longer required|NON-REVALUED||
zzTSCUSTOMERHKD|TS CUSTOMER - HKD|HKD|||||Inactive|00000000|0000|UOB GROUP|TS-CUSTOMER-HKD||No longer required|NON-REVALUED||
zzTSCUSTOMERSGD|TS CUSTOMER - SGD|SGD|||||Inactive|00000000|0000|UOB GROUP|TS-CUSTOMER-SGD||No longer required|NON-REVALUED||
zzTSCUSTOMERUSD|TS CUSTOMER - USD|USD|||||Inactive|00000000|0000|UOB GROUP|TS-CUSTOMER-USD||No longer required|NON-REVALUED||
zzTS-P-CVRCIAUD|TS CUST PEND CVRC-RELN-IN-AUD|AUD|||||Inactive|00000000|0000|UOB GROUP|TS-CUSTOMER-AUD||No longer required|NON-REVALUED||
zzTS-P-CVRCIHKD|TS CUST PEND CVRC-RELN-IN-HKD|HKD|||||Inactive|00000000|0000|UOB GROUP|TS-CUSTOMER-HKD||No longer required|NON-REVALUED||
zzTS-P-CVRCISGD|TS CUST PEND CVRC-RELN-IN-SGD|SGD|||||Inactive|00000000|0000|UOB GROUP|TS-CUSTOMER-SGD||No longer required|NON-REVALUED||
zzTS-P-CVRCIUSD|TS CUST PEND CVRC-RELN-IN-USD|USD|||||Inactive|00000000|0000|UOB GROUP|TS-CUSTOMER-USD||No longer required|NON-REVALUED||
zzTS-P-CVRCOAUD|TS CUST PEND CVRC-RELN-OUT-AUD|AUD|||||Inactive|00000000|0000|UOB GROUP|TS-CUSTOMER-AUD||No longer required|NON-REVALUED||
zzTS-P-CVRCOHKD|TS CUST PEND CVRC-RELN-OUT-HKD|HKD|||||Inactive|00000000|0000|UOB GROUP|TS-CUSTOMER-HKD||No longer required|NON-REVALUED||
zzTS-P-CVRCOSGD|TS CUST PEND CVRC-RELN-OUT-SGD|SGD|||||Inactive|00000000|0000|UOB GROUP|TS-CUSTOMER-SGD||No longer required|NON-REVALUED||
zzTS-P-CVRCOUSD|TS CUST PEND CVRC-RELN-OUT-USD|USD|||||Inactive|00000000|0000|UOB GROUP|TS-CUSTOMER-USD||No longer required|NON-REVALUED||
zzTS-P-ELS-NAUD|TS CUSTOMER PEND ELS-N TRF-AUD|AUD|||||Inactive|00000000|0000|UOB GROUP|TS-CUSTOMER-AUD||No longer required|NON-REVALUED||
zzTS-P-ELS-NHKD|TS CUSTOMER PEND ELS-N TRF-HKD|HKD|||||Inactive|00000000|0000|UOB GROUP|TS-CUSTOMER-HKD||No longer required|NON-REVALUED||
zzTS-P-ELS-NSGD|TS CUSTOMER PEND ELS-N TRF-SGD|SGD|||||Inactive|00000000|0000|UOB GROUP|TS-CUSTOMER-SGD||No longer required|NON-REVALUED||
zzTS-P-ELS-NUSD|TS CUSTOMER PEND ELS-N TRF-USD|USD|||||Inactive|00000000|0000|UOB GROUP|TS-CUSTOMER-USD||No longer required|NON-REVALUED||
zzUAL(ACU)-AVG|UOB ASIA LIMITED (ACU)-INVMT|SGD|||||Inactive|00000000|0000|UOB GROUP|UAL(ACU)|UAL(ACU)|No longer required|NON-REVALUED||
zzUAL(ACU)-IAVG|UOB ASIA LIMITED (ACU)-INVMT|USD|||||Inactive|00000000|0000|UOB GROUP|UAL(ACU)I|UAL(ACU)|No longer required|NON-REVALUED||
zzUAL(ACU)-ITAX|UOB ASIA LIMITED (ACU)-INVMT|USD|||||Inactive|00000000|0000|UOB GROUP|UAL(ACU)I|UAL(ACU)|No longer required|NON-REVALUED||
zzUAL(ACU)-TAVG|UOB ASIA LIMITED (ACU)-TRADING|USD|||||Inactive|00000000|0000|UOB GROUP|UAL(ACU)T|UAL(ACU)|No longer required|NON-REVALUED||
zzUAL(ACU)-TAX|UOB ASIA LIMITED (ACU)-INVMT|USD|||||Inactive|00000000|0000|UOB GROUP|UAL(ACU)|UAL(ACU)|No longer required|REVALUED||
zzUAL(ACU)-TTAX|UOB ASIA LTD (ACU)-TRADING|USD|||||Inactive|00000000|0000|UOB GROUP|UAL(ACU)T|UAL(ACU)|No longer required|NON-REVALUED||
zzUAL(ACU)UOBAM|UOB ASIA LIMITED (ACU)-UOBAM|USD|||||Inactive|00000000|0000|UOB GROUP|UAL(ACU)-UOBAM|UAL(ACU)|No longer required|REVALUED||
zzUAL-AVG|UOB ASIA LIMITED-INVMT|SGD|||||Inactive|00000000|0000|UOB GROUP|UAL|UAL|No longer required|REVALUED||
zzUAL-CF|UOB ASIA LIMITED|SGD|||||Inactive|00000000|0000|UOB GROUP|UAL-CF|UOB|No longer required|REVALUED||
zzUAL-I-AVG|UOB ASIA LIMITED-INVMT|SGD|||||Inactive|00000000|0000|UOB GROUP|UAL-I|UAL|No longer required|NON-REVALUED||
zzUAL-T-AVG|UOB ASIA LIMITED-TRADING|SGD|||||Inactive|00000000|0000|UOB GROUP|UAL-T|UAL|No longer required|NON-REVALUED||
zzUAL-TAX|UOB ASIA LIMITED - INVMT|SGD|||||Inactive|00000000|0000|UOB GROUP|UAL|UAL|No longer required|REVALUED||
zzUEI|UOL EQUITY INVESTMENT|SGD|||||Inactive|00000000|0000|UOL GROUP|||No longer required|||
zzUEI-AVG|UOL EQUITY INVESTMENT - AVERAGE|SGD|||||Inactive|00000000|0000|UOL GROUP|UEI|UEI|No longer required|||
zzUEI-TAX|UOL EQUITY INVESTMENT|SGD|||||Inactive|00000000|0000|UOL GROUP|UEI|UEI|No longer required|||
zzUIL-AVG|UNITED INVESTMENT LTD|SGD|||||Inactive|00000000|0000|UOB GROUP|UIL|UIL|No longer required|NON-REVALUED||
zzUIL-TAX|UNITED INVESTMENT LTD - TAX|SGD|||||Inactive|00000000|0000|UOB GROUP|UIL|UIL|No longer required|||
zzUIS|UNITED INTERNATIONAL SECURITIES|SGD|||||Inactive|00000000|0000|UIS GROUP|||No longer required|||
zzUIS-AVG|UNITED INTERNATIONAL SECURITIES|SGD|||||Inactive|00000000|0000|UIS GROUP|||No longer required|||
zzUISBUYBACKAVG|UIS BUYBACK|SGD|For UIS buyback program||||Inactive|00000000|0000||UIS BUYBACK||No longer required|REVALUED||
zzUIST|UNITED INTERNATIONAL SECURITIES TRADING|SGD|||||Inactive|00000000|0000|UIS GROUP|||No longer required|||
zzUIST-AVG|UIS TRADING PTE LTD|SGD|||||Inactive|00000000|0000|UIS GROUP|UIST|UIST|No longer required|NON-REVALUED||
zzUIS-TAX|UNITED INTERNATIONAL SECURITIES LTD|SGD|For reporting purposes||||Inactive|00000000|0000|UIS GROUP|UIS|UIS|No longer required|NON-REVALUED||
zzUIST-TAX|UIS TRADING PTE LTD|SGD|||||Inactive|00000000|0000|UIS GROUP|UIST|UIST|No longer required|NON-REVALUED||
zzUMB|UNITED MERCHANT BANK|SGD|||||Inactive|00000000|0000|UOB GROUP|||No longer required|||
zzUMB (ACU)|UNITED MERCHANT BANK (ACU)|USD|||||Inactive|00000000|0000|UOB GROUP|||No longer required|||
zzUMYK|UNITED MOK YING KIE|HKD|||||Inactive|00000000|0000|UOB GROUP|UMYK|UMYK|No longer required|||
zzUNI.ASIA G IN|UNI.ASIA GENERAL INSURANCE BHD|MYR|For reporting purposes||||Inactive|00000000|0000|UOB ASSOC GROU|UNI.ASIA CAP|UNI.ASIA CAP|No longer required|NON-REVALUED||
zzUNI.ASIA SHF|UNI.ASIA LIFE ASSURANCE BHD - SHF|MYR|For reporting purposes||||Inactive|00000000|0000|UOB ASSOC GROU|UNI.ASIA LIFE A|UNI.ASIA LIFE|No longer required|NON-REVALUED||
zzUNI.ASIANO-PA|UNI.ASIA LIFE ASSURANCE BHD - NON-PAR|MYR|For reporting purposes||||Inactive|00000000|0000|UOB ASSOC GROU|UNI.ASIA LIFE A|UNI.ASIA LIFE|No longer required|NON-REVALUED||
zzUNITED SECPCL|UNITED SECURITIES PUBLIC COMPANY LTD|THB|For reporting purposes||||Inactive|00000000|0000|UOB ASSOC GROU|UOB KAY HIAN|UOB KAY HIAN|No longer required||21-Aug-12|
zzUOB|UNITED OVERSEAS BANK|SGD|||||Inactive|00000000|0000|UOB GROUP|||No longer required|||
zzUOB ASIA (HK)|UOB ASIA (HONG KONG) LTD|HKD|||||Inactive|00000000|0000|UOB GROUP|UOB ASIA (HK)|UOB ASIA (HK)|No longer required|NON-REVALUED||
zzUOB BALI SEC|PT UOB BALI SECURITIES|IDR|||||Inactive|00000000|0000|UOB GROUP|UOB BALI SEC|UOB BALI SEC|No longer required|||
zzUOB CAP MGT|UNITED CAPITAL MANAGEMENT PTE LTD|SGD|||||Inactive|00000000|0000|UOB GROUP|UOBCI|UOBCI|No longer required|NON-REVALUED||
zzUOB FUNDS-LT|UOB FUNDS-LT|SGD|Wong Ann Derk||||Inactive|00000000|0000|UOB GROUP|UOB FUNDS-LT|UOB|No longer required|REVALUED||
zzUOB JAIC VBIO|UOB JAIC VENTURE BIO INVESTMENTS|SGD|Yee Foong Leng||||Inactive|00000000|0000|UOB ASSOC GROU|UOB VBI|UOB VBI|Associated Company|||
zzUOB LEASING|UOB LEASING (THAILAND)|THB|For reporting purposes||||Inactive|00000000|0000|UOB GROUP|UOB LEASING|UOB LEASING|No longer required|REVALUED||
zzUOB LIFE-SHF|UOBLIFE-SHAREHOLDERS' FUND|SGD|||||Inactive|00000000|0000|UOB GROUP|||No longer required|||
zzUOB LIFE-SIF|UOBLIFE-SINGAPORE INSURANCE FUND|SGD|||||Inactive|00000000|0000|UOB GROUP|||No longer required|||
zzUOB SECS|UOB SECURITIES PTE LTD|SGD|||||Inactive|00000000|0000|UOB ASSOC GROU|UOB KAY HIAN|UOB KAY HIAN|No longer required|||
zzUOB SHENZHEN|zUOB SHENZHEN|SGD|||||Inactive|00000000|0000|UOB GROUP|UOBVM SHANGHAI|UOBVM SHANGHAI|No longer required|||
zzUOB SMARTSOLN|UOB SMART SOLUTIONS SDN BHD|MYR|||||Inactive|00000000|0000|UOB GROUP|UOB SMART SOLN|UOB SMART SOLN|No longer required|REVALUED||
zzUOB TRAVELPLR|UOB TRAVEL PLANNERS PTE LTD|SGD|||||Inactive|00000000|0000|UOB GROUP|UOB TRAVEL PLR|UOB TRAVAL PLR|No longer required|||
zzUOB WAREHOUSE|UOB WAREHOUSE PTE LTD|SGD|||||Inactive|00000000|0000|UOB GROUP|UOBW|LIQ UOBW|No longer required|||
zzUOB(ACU)-IMD|UNITED OVERSEAS BANK (ACU)|USD|||||Inactive|00000000|0000|UOB GROUP|||No longer required|||
zzUOB(ACU)-UMB|UOB(ACU)-UMB|USD|||||Inactive|00000000|0000|UOB GROUP|||No longer required|||
zzUOB-A-CF-AVG|UNITED OVERSEAS BANK LTD|SGD|||||Inactive|00000000|0000|UOB GROUP|UOB-CF|UOB|No longer required|REVALUED||
zzUOBACU-AC-AVG|UOBACU - ACTIVE CAPITAL|SGD|||||Inactive|00000000|0000|UOB GROUP|UOB(ACU)-IMD|UOB(ACU)|No longer required|REVALUED||
zzUOBACU-ACFAVG|UNITED OVERSEAS BANK LTD (ACU)|USD|||||Inactive|00000000|0000|UOB GROUP|UOB(ACU)-CF|UOB(ACU)|No longer required|REVALUED||
zzUOBACU-ACSHRT|UOBACU - ACTIVE CAPITAL|SGD|||||Inactive|00000000|0000|UOB GROUP|UOB(ACU)-IMD|UOB(ACU)|No longer required|REVALUED||
zzUOBACU-AC-TAX|UOB ACU - ACTIVE CAPITAL|SGD|||||Inactive|00000000|0000|UOB GROUP|UOB(ACU)-IMD|UOB(ACU)|No longer required|REVALUED||
zzUOBACU-BF-AVG|UOB(ACU) - BENSON FUNG - AVG|SGD|Reporting-P/L for Y2012||||Inactive|00000000|0000|UOB GROUP|UOBACU-BF-AVG|UOB(ACU)|UOB|REVALUED||
zzUOBACUBFGCAVG|"UOB(ACU) - BENSON FUNG, GREATER CHINA"|SGD|||||Inactive|00000000|0000|UOB GROUP|UOB(ACU)-BFGC|UOB(ACU)|No longer required|REVALUED||
zzUOBACUBFGCTAX|"UOB(ACU) - BENSON FUNG, GREATER CHINA"|SGD|||||Inactive|00000000|0000|UOB GROUP|UOB(ACU)-BFGC|UOB(ACU)|No longer required|REVALUED||
zzUOBACUBFGCUSD|"UOB(ACU) - BENSON FUNG, GREATER CHINA"|USD|||||Inactive|00000000|0000|UOB GROUP|UOB(ACU)-BFGC|UOB(ACU)|No longer required|REVALUED||
zzUOBACUBFKRAVG|"UOB(ACU) - BENSON FUNG, KOREA"|SGD|||||Inactive|00000000|0000|UOB GROUP|UOB(ACU)-BFKR|UOB(ACU)|No longer required|REVALUED||
zzUOBACUBFKRUSD|"UOB(ACU) - BENSON FUNG, KOREA"|USD|||||Inactive|00000000|0000|UOB GROUP|UOB(ACU)-BFKR|UOB(ACU)|No longer required|NON-REVALUED||
zzUOBACUBFTHAVG|"UOB(ACU) - BENSON FUNG, THAILAND"|SGD|||||Inactive|00000000|0000|UOB GROUP|UOB(ACU)-BFTHB|UOB(ACU)|No longer required|REVALUED||
zzUOBACUBFTHUSD|"UOB(ACU) - BENSON FUNG, THAILAND"|USD|||||Inactive|00000000|0000|UOB GROUP|UOB(ACU)-BFTHB|UOB(ACU)|No longer required|NON-REVALUED||
zzUOBACUBFTWAVG|"UOB(ACU) - BENSON FUNG, TAIWAN"|USD|||||Inactive|00000000|0000|UOB GROUP|UOB(ACU)-BFTW|UOB(ACU)|No longer required|REVALUED||
zzUOBACU-BF-USD|UOB(ACU)-BENSON FUNG- USD|SGD|||||Inactive|00000000|0000|UOB GROUP|UOBACU-BF-USD|UOB(ACU)|No longer required|REVALUED||
zzUOBACU-BS-AVG|UNITED OVERSEAS BANK LTD (ACU) - BS|SGD|Low Han Seng||||Inactive|00000000|0000|UOB GROUP|UOB(ACU)-BS|UOB(ACU)|No longer required|NON-REVALUED||
zzUOBACU-CBRAVG|UOB(ACU) - CORPORATE BANKING REGIONAL|SGD|CBR-warrants||||Inactive|00000000|0000|UOB GROUP|UOBACU-CBR-AVG|UOB(ACU)|UOB|REVALUED||
zzUOBACU-CEPAVG|UNITED OVERSEAS BANK LTD (ACU) - CEP|SGD|Low Han Seng||||Inactive|00000000|0000|UOB GROUP|UOB(ACU)-CEP|UOB(ACU)|UOB|NON-REVALUED||
zzUOBACU-CF-AVG|UNITED OVERSEAS BANK LTD (ACU)|USD|||||Inactive|00000000|0000|UOB GROUP|UOB(ACU)-CF|UOB(ACU)|No longer required|REVALUED||
zzUOBACUCOWECAV|UNITED OVERSEAS BANK LTD (ACU)|USD|||||Inactive|00000000|0000|UOB GROUP|UOB(ACU)-COWEC|UOB(ACU)|No longer required|REVALUED||
zzUOBACU-CP4-KH|UNITED OVERSEAS BANK LTD (ACU)|SGD|Low Han Seng||||Inactive|00000000|0000|UOB GROUP|UOB(ACU)-CP4|UOB(ACU)|UOB|NON-REVALUED||
zzUOBACU-CSDAVG|"UNITED OVERSEAS BANK LTD (ACU), CSD"|USD|||||Inactive|00000000|0000|UOB GROUP|UOB(ACU)-CSD|UOB(ACU)|No longer required|REVALUED||
zzUOBACU-CYN-AV|UNITED OVERSEAS BANK LTD (ACU)|USD|||||Inactive|00000000|0000|UOB GROUP|UOB(ACU)-IMD|UOB(ACU)|No longer required|REVALUED||
zzUOBACU-D-AVG|UNITED OVERSEAS BANK LTD (ACU) - DTD|USD|||||Inactive|00000000|0000|UOB GROUP|UOB(ACU)-DTD|UOB(ACU)|No longer required|||
zzUOBACU-DCMAVG|UOBACU-DEBT CAPITAL MARKET SG|SGD|||||Inactive|00000000|0000|UOB GROUP|UOBACU-DCM-AVG|UOB(ACU)|No longer required|REVALUED||
zzUOBACU-D-TAX|UNITED OVERSEAS BANK LTD (ACU) - DTD|USD|||||Inactive|00000000|0000|UOB GROUP|UOB(ACU)-DTD|UOB(ACU)|No longer required|||
zzUOBACU-FCSAVG|UNITED OVERSEAS BANK LTD (ACU)|USD|||||Inactive|00000000|0000|UOB GROUP|UOB(ACU)-FCS|UOB(ACU)|No longer required|REVALUED||
zzUOBACUFDSLGCY|UOBACU FUNDS-LEGACY|SGD|Wong Ann Derk||||Inactive|00000000|0000|UOB GROUP|UOBACU FDS-LGCY|UOB(ACU)|No longer required|REVALUED||
zzUOBACU-FICC|"UOB-FIXED INCOME,CCY AND COMMODITY"|SGD|GMIM-Sebastian Xu Wei Ming||||Inactive|00000000|0000|UOB GROUP|UOBACU-FICC|UOB(ACU)|No longer required|REVALUED|18-Jun-13|
zzUOBACU-FUNDAM|UNITED OVERSEAS BANK LTD FUNDS|SGD|||||Inactive|00000000|0000|UOB GROUP|UOBACU-FUND-AM|UOB|No longer required|REVALUED||
zzUOBACUFUNDSLT|UOBACU FUNDS-LT|SGD|Low Han Seng||||Inactive|00000000|0000|UOB GROUP|UOBACU FUNDS-LT|UOB(ACU)|No longer required|REVALUED||
zzUOBACU-I-AVG|UNITED OVERSEAS BANK LTD (ACU)|USD|||||Inactive|00000000|0000|UOB GROUP|UOB(ACU)-IMD|UOB(ACU)|No longer required|REVALUED||
zzUOBACUIHEDAVG|UNITED OVERSEAS BANK LTD (ACU) HEDGE|USD|||||Inactive|00000000|0000|UOB GROUP|UOB(ACU)-IMD|UOB(ACU)|No longer required|REVALUED||
zzUOBACUIHEDTAX|UNITED OVERSEAS BANK LTD (ACU) HEDGE|USD|||||Inactive|00000000|0000|UOB GROUP|UOB(ACU)-IMD|UOB(ACU)|No longer required|REVALUED||
zzUOBACUIPAMTAX|UNITED OVERSEAS BANK LTD (ACU)|USD|||||Inactive|00000000|0000|UOB GROUP|UOB(ACU)-IPAM|UOB(ACU)|No longer required|REVALUED||
zzUOBACU-I-TAX|UNITED OVERSEAS BANK LTD (ACU)|USD|||||Inactive|00000000|0000|UOB GROUP|UOB(ACU)-IMD|UOB(ACU)|No longer required|REVALUED||
zzUOBACU-KPLAVG|UNITED OVERSEAS BANK LTD (ACU)|USD|||||Inactive|00000000|0000|UOB GROUP|UOB(ACU)-IMD|UOB(ACU)|No longer required|REVALUED||
zzUOBACU-KSN-AV|UNITED OVERSEAS BANK LTD (ACU)|USD|||||Inactive|00000000|0000|UOB GROUP|UOB(ACU)-IMD|UOB(ACU)|No longer required|REVALUED||
zzUOBACU-LT-AVG|UNITED OVERSEAS BANK LTD (ACU)|SGD|For record purpose||||Inactive|00000000|0000|UOB GROUP|UOB(ACU)-LT|UOB(ACU)||NON-REVALUED||
zzUOBACU-LT-TAX|"UNITED OVERSEAS BANK LTD (ACU), LT TAX"|SGD|||||Inactive|00000000|0000|UOB GROUP|UOB(ACU)-LT|UOB(ACU)|No longer required|REVALUED||
zzUOBACU-MARS|UOB(ACU) -MULTI ASSETS ABS RET STRATEGY|SGD|Tam Kwok Fun||||Inactive|00000000|0000|UOB GROUP|UOBACU-MARS|UOB(ACU)|No longer required|REVALUED||
zzUOBACUOUBAMAV|UNITED OVERSEAS BANK LTD (ACU)-UOBAM|SGD|||||Inactive|00000000|0000|UOB GROUP|UOB(ACU)-OUBAM|UOB(ACU)|No longer required|REVALUED||
zzUOBACU-OUBAVG|UNITED OVERSEAS BANK LTD (ACU)|SGD|||||Inactive|00000000|0000|UOB GROUP|UOB(ACU)-OUB|UOB(ACU)-IMD|No longer required|NON-REVALUED||
zzUOBACU-PAMAVG|UNITED OVERSEAS BANK LTD (ACU)|USD|||||Inactive|00000000|0000|UOB GROUP|UOB(ACU)-PAM|UOB(ACU)|No longer required|REVALUED||
zzUOBACU-R-CYNA|UNITED OVERSEAS BANK LTD (ACU)|USD|||||Inactive|00000000|0000|UOB GROUP|UOB(ACU)-IMD|UOB(ACU)|No longer required|REVALUED||
zzUOBACURIVERPL|UOB(ACU) - RIVERPLACE FUND|SGD|||||Inactive|00000000|0000|UOB GROUP|UOBACU-RIVER PL|UOB(ACU)|No longer required|REVALUED||
zzUOBACU-R-KSNA|UNITED OVERSEAS BANK LTD (ACU)|USD|||||Inactive|00000000|0000|UOB GROUP|UOB(ACU)-IMD|UOB(ACU)|No longer required|REVALUED||
zzUOBACU-RLHSAV|UNITED OVERSEAS BANK LTD (ACU)|USD|||||Inactive|00000000|0000|UOB GROUP|UOB(ACU)-IMD|UOB(ACU)|No longer required|REVALUED||
zzUOBACU-R-TDLA|UNITED OVERSEAS BANK LTD (ACU)|USD|||||Inactive|00000000|0000|UOB GROUP|UOB(ACU)-IMD|UOB(ACU)|No longer required|REVALUED||
zzUOBACU-R-TMKA|UNITED OVERSEAS BANK LTD (ACU)|USD|||||Inactive|00000000|0000|UOB GROUP|UOB(ACU)-IMD|UOB(ACU)|No longer required|REVALUED||
zzUOBACU-SCFAVG|UNITED OVERSEAS BANK LTD (ACU)|USD|||||Inactive|00000000|0000|UOB GROUP|UOB(ACU)-CF|UOB(ACU)|No longer required|REVALUED||
zzUOBACU-SIDAVG|"UNITED OVERSEAS BANK LTD (ACU), SID"|USD|||||Inactive|00000000|0000|UOB GROUP|UOB(ACU)-SID|UOB(ACU)|No longer required|REVALUED||
zzUOBACU-T-AVG|UNITED OVERSEAS BANK LTD (ACU)-TRADING|USD|||||Inactive|00000000|0000|UOB GROUP|UOB(ACU)-IMD|UOB(ACU)|No longer required|REVALUED||
zzUOBACU-TDLAVG|UNITED OVERSEAS BANK LTD (ACU)|USD|||||Inactive|00000000|0000|UOB GROUP|UOB(ACU)-IMD|UOB(ACU)|No longer required|NON-REVALUED||
zzUOBACU-TDLTAX|UNITED OVERSEAS BANK LTD (ACU)|USD|||||Inactive|00000000|0000|UOB GROUP|UOB(ACU)-IMD|UOB(ACU)|No longer required|REVALUED||
zzUOBACU-T-TAX|UNITED OVERSEAS BANK LTD (ACU)-TRADING|USD|||||Inactive|00000000|0000|UOB GROUP|UOB(ACU)-IMD|UOB(ACU)|No longer required|REVALUED||
zzUOBACU-UALAVG|UNITED OVERSEAS BANK LTD (ACU)|USD|||||Inactive|00000000|0000|UOB GROUP|UOB(ACU)-UAL|UOB(ACU)|No longer required|NON-REVALUED||
zzUOBACUUALINVA|UNITED OVERSEAS BANK LTD|USD|||||Inactive|00000000|0000|UOB GROUP|UOBACU-UALINV|UOB(ACU)|No longer required|REVALUED||
zzUOBACU-U-AVG|UOB(ACU)-UMB|USD|||||Inactive|00000000|0000||||No longer required|||
zzUOBACUUOBAMAV|UNITED OVERSEAS BANK LTD (ACU)-UOBAM|SGD|||||Inactive|00000000|0000|UOB GROUP|UOB(ACU)-UOBAM|UOB(ACU)|No longer required|REVALUED||
zzUOBACU-U-TAX|UNITED OVERSEAS BANK LTD (ACU)|USD|||||Inactive|00000000|0000|UOB GROUP|UOB(ACU)-UMB|UOB(ACU)|No longer required|REVALUED||
zzUOBAM THAI|UOB ASSET MANAGEMENT (THAILAND)|THB|For reporting purposes||||Inactive|00000000|0000|UOB GROUP|UOBAM THAI|UOBAM THAI|No longer required|REVALUED||
zzUOB-BD-AVG|UNITED OVERSEAS BANK LTD|SGD|For reporting purposes||||Inactive|00000000|0000|UOB GROUP|UOB|UOB|No longer required|REVALUED||
zzUOB-BF-AVG|UOB-BENSON FUNG|SGD|||||Inactive|00000000|0000|UOB GROUP|UOB-BF-AVG|UOB|No longer required|REVALUED||
zzUOB-BFGC|"UOB - BENSON FUNG, GREATER CHINA"|SGD|||||Inactive|00000000|0000|UOB GROUP|UOB-BFGC|UOB|No longer required|REVALUED||
zzUOBBM-AVG|UOB BIOVENTURES MANAGEMENT|SGD|||||Inactive|00000000|0000|UOB GROUP|UOBBM|UOBBM|No longer required|||
zzUOBCARDCENTRE|UOB CARD CENTRE|SGD|||||Inactive|00000000|0000|UOB GROUP|UOB CARD CENTRE|UOB CARD CENTR|No longer required|NON-REVALUED||
zzUOBCI-AVG|UOB CAPITAL INVESTMENTS PTE LTD|SGD|For reporting purposes||||Inactive|00000000|0000|UOB GROUP|UOBCI|UOBCI|No longer required|NON-REVALUED||
zzUOBCIDEBTSAVG|UOB CAPITAL INVESTMENTS PTE LTD|SGD|For reporting purposes||||Inactive|00000000|0000|UOB GROUP|UOBCI|UOBCI|Subsidiary Company |REVALUED||
zzUOBCI-REV-AVG|UOB CAPITAL INVESTMENTS PTE LTD|SGD|||||Inactive|00000000|0000|UOB GROUP|UOBCI|UOBCI|No longer required|REVALUED||
zzUOB-DCM-AVG|UOB-DEBT CAPITAL MARKET SG|SGD|DCM||||Inactive|00000000|0000|UOB GROUP|UOB-DCM-AVG|UOB|No longer required|REVALUED||
zzUOB-EQTY-AVG|UOB EQUITY HOLDINGS PTE LTD|SGD|||||Inactive|00000000|0000|UOB GROUP|UOB EQTY|UOB EQTY|No longer required|||
zzUOBF(HK)|UOB FINANCE (HONG KONG)|HKD|||||Inactive|00000000|0000|UOB GROUP|||No longer required|||
zzUOBF(HK)-AVG|UOB FINANCE (HONG KONG) LTD|HKD|||||Inactive|00000000|0000|UOB GROUP|UOBF(HK)|UOBF(HK)|No longer required|REVALUED||
zzUOBF(HK)-BFGC|"UOBF(HK) - BENSON FUNG, GREATER CHINA"|HKD|||||Inactive|00000000|0000|UOB GROUP|UOBF(HK)|UOBF(HK)|No longer required|REVALUED||
zzUOBF(HK)-TAX|UOB FINANCE (HONG KONG) LTD|HKD|||||Inactive|00000000|0000|UOB GROUP|UOBF(HK)|UOBF(HK)|No longer required|NON-REVALUED||
zzUOBF-BFKR-AVG|"UOBF - BENSON FUNG, KOREA"|USD|||||Inactive|00000000|0000|UOB GROUP|UOB(ACU)-BFKR|UOB(ACU)|No longer required|NON-REVALUED||
zzUOBF-BFTH-AVG|"UOBF - BENSON FUNG, THAILAND"|USD|||||Inactive|00000000|0000|UOB GROUP|UOB(ACU)-BFTHB|UOB(ACU)|No longer required|NON-REVALUED||
zzUOBF-BFTW-AVG|"UOBF - BENSON FUNG, TAIWAN"|USD|||||Inactive|00000000|0000|UOB GROUP|UOB(ACU)-BFTW|UOB(ACU)|No longer required|REVALUED||
zzUOB-FUND-IMD|UNITED OVERSEAS BANK LTD FUNDS|SGD|Low Han Seng||||Inactive|00000000|0000|UOB GROUP|UOB-FUND-IMD|UOB|UOB|REVALUED||
zzUOBFUNDS-LGCY|UOB FUNDS-LEGACY|SGD|Wong Ann Derk||||Inactive|00000000|0000|UOB GROUP|UOB FUNDS-LGCY|UOB|No longer required|REVALUED||
zzUOB-FUNDSPEVC|zUNITED OVERSEAS BANK LTD FUNDS PEVC|SGD|||||Inactive|00000000|0000|UOB GROUP|UOB-FUND-AM|UOB|No longer required|REVALUED||
zzUOB-HK-AVG|UOB HONG KONG|HKD|||||Inactive|00000000|0000||||No longer required|||
zzUOBK-BFKR-AVG|"UNITED OVERSEAS BANK, SEOUL"|KRW|||||Inactive|00000000|0000|UOB GROUP|UOBK-BFKR|UOB|No longer required|REVALUED||
zzUOB-KSN-AVG|UNITED OVERSEAS BANK LTD|SGD|||||Inactive|00000000|0000|UOB GROUP|UOB|UOB|No longer required|REVALUED||
zzUOB-LHS-AVG|UNITED OVERSEAS BANK LTD|SGD|||||Inactive|00000000|0000|UOB GROUP|UOB|UOB|No longer required|REVALUED||
zzUOBL-SHF-AVG|UOB LIFE ASSURANCE LTD-SHF|SGD|||||Inactive|00000000|0000|UOB GROUP|UOBLIFE-SHF|UOBLIFE-SHF|No longer required|NON-REVALUED||
zzUOBL-SHF-EMAV|UOB LIFE ASSURANCE LTD-SHF|SGD|||||Inactive|00000000|0000|UOB GROUP|UOBLIFE-SHF|UOBLIFE-SHF|No longer required|NON-REVALUED||
zzUOBL-SHF-EMTA|UOB LIFE ASSURANCE LTD-SHF|SGD|||||Inactive|00000000|0000|UOB GROUP|UOBLIFE-SHF|UOBLIFE-SHF|No longer required|NON-REVALUED||
zzUOBL-SHF-TAX|UOB LIFE ASSURANCE LTD-SHF|SGD|||||Inactive|00000000|0000|UOB GROUP|UOBLIFE-SHF|UOBLIFE-SHF|No longer required|NON-REVALUED||
zzUOBL-SIF AM|UOB LIFE ASSURANCE LTD-SIF|SGD|||||Inactive|00000000|0000|UOB GROUP|UOBLIFE-SIF AM|UOBLIFE-SIF|No longer required|NON-REVALUED||
zzUOBL-SIF PAR|UOB LIFE ASSURANCE LTD-SIF (PAR FUND)|SGD|||||Inactive|00000000|0000|UOB GROUP|UOBLIFE-SIF PAR|UOBLIFE-SIF|No longer required|NON-REVALUED||
zzUOBLSIF USDPA|UOB LIFE ASSURANCE LTD-SIF (USD-PAR FD)|USD|||||Inactive|00000000|0000|UOB GROUP|UOBL-SIF USDPAR|UOBLIFE-SIF|No longer required|NON-REVALUED||
zzUOBL-SIF-AVG|UOB LIFE ASSURANCE LTD-SIF|SGD|||||Inactive|00000000|0000|UOB GROUP|UOBLIFE-SIF|UOBLIFE-SIF|No longer required|NON-REVALUED||
zzUOBL-SIF-LNAV|UOB LIFE ASSURANCE LTD-SIF (LOAN)|SGD|||||Inactive|00000000|0000|UOB GROUP|UOBLIFE-SIF|UOBLIFE-SIF|No longer required|||
zzUOBL-SIF-TAX|UOB LIFE ASSURANCE LTD-SIF|SGD|||||Inactive|00000000|0000|UOB GROUP|UOBLIFE-SIF|UOBLIFE-SIF|No longer required|NON-REVALUED||
zzUOBL-SUNASSUR|PT UOBLIFE-SUN ASSURANCE|IDR|||||Inactive|00000000|0000|UOB GROUP|UOBL-SUN ASSUR|UOBL-SUN ASSUR|No longer required|||
zzUOB-LT-AVG|UNITED OVERSEAS BANK LTD|SGD|||||Inactive|00000000|0000|UOB GROUP|UOB-LT|UOB|No longer required|REVALUED||
zzUOB-LT-TAX|UNITED OVERSEAS BANK LTD|SGD|||||Inactive|00000000|0000|UOB GROUP|UOB-LT|UOB|No longer required|REVALUED||
zzUOB-OUBCF-AVG|UNITED OVERSEAS BANK LTD|SGD|||||Inactive|00000000|0000|UOB GROUP|UOB-OUBCF|UOB|No longer required|REVALUED||
zzUOB-OUBI-AVG|UNITED OVERSEAS BANK LTD|SGD|||||Inactive|00000000|0000|UOB GROUP|UOB-OUBI|UOB|No longer required|NON-REVALUED||
zzUOB-OUBT-AVG|UNITED OVERSEAS BANK LTD|SGD|||||Inactive|00000000|0000|UOB GROUP|UOB-OUBT|UOB|No longer required|NON-REVALUED||
zzUOBR(HK)|UOB REALTY (HONG KONG)|HKD|||||Inactive|00000000|0000|UOB GROUP|||No longer required|||
zzUOBR(HK)-AVG|UOB REALTY (HONG KONG) LTD|HKD|||||Inactive|00000000|0000|UOB GROUP|UOBR(HK)|UOBR(HK)|No longer required|REVALUED||
zzUOBR(HK)LTAVG|UOB REALTY (HONG KONG) LTD|HKD|||||Inactive|00000000|0000|UOB GROUP|UOBR(HK)|UOBR(HK)|No longer required|REVALUED||
zzUOBR(HK)-TAX|UOB REALTY (HONG KONG) LTD|HKD|||||Inactive|00000000|0000|UOB GROUP|UOBR(HK)|UOBR(HK)|No longer required|NON-REVALUED||
zzUOB-RDN-AVG|UOB-RADANASIN|THB|||||Inactive|00000000|0000|UOB GROUP|UOB-RDN|UOB-RDN|No longer required|REVALUED||
zzUOBRHK-SCFAVG|UOB REALTY (HONG KONG) LTD|HKD|||||Inactive|00000000|0000|UOB GROUP|UOBR(HK)-CF|UOBR(HK)|No longer required|NON-REVALUED||
zzUOB-R-TDL-AVG|UNITED OVERSEAS BANK LTD|SGD|||||Inactive|00000000|0000|UOB GROUP|UOB|UOB|No longer required|REVALUED||
zzUOBR-UOBVMAVG|UOB REALTY (HONG KONG) LTD-UOBVM|HKD|||||Inactive|00000000|0000|UOB GROUP|UOBR(HK)|UOBR(HK)|No longer required|NON-REVALUED||
zzUOB-S-CF-AVG|UNITED OVERSEAS BANK LTD|SGD|||||Inactive|00000000|0000|UOB GROUP|UOB-CF|UOB|No longer required|REVALUED||
zzUOB-SHSONLOAN|UNITED OVERSEAS BANK LTD|SGD|||||Inactive|00000000|0000|UOB GROUP|UOB|UOB|No longer required|REVALUED||
zzUOB-SID-AVG|"UNITED OVERSEAS BANK LTD, SID"|SGD|||||Inactive|00000000|0000|UOB GROUP|UOB-SID|UOB|No longer required|REVALUED||
zzUOBT|UOBT (FORMERLY OUBT)|SGD|||||Inactive|00000000|0000|UOB GROUP|UOBT|UOBT|No longer required|NON-REVALUED||
zzUOBT (2003)|UOBT (2003) (FORMERLY UOBT)|SGD|||||Inactive|00000000|0000|UOB GROUP|UOBT (2003)|UOBT (2003)|No longer required|NON-REVALUED||
zzUOB-TAX|UNITED OVERSEAS BANK LTD|SGD|||||Inactive|00000000|0000|UOB GROUP|UOB|UOB|No longer required|REVALUED||
zzUOB-TDL-AVG|UNITED OVERSEAS BANK LTD|SGD|||||Inactive|00000000|0000|UOB GROUP|UOB|UOB|No longer required|REVALUED||
zzUOB-TDL-TAX|UNITED OVERSEAS BANK LTD|SGD|||||Inactive|00000000|0000|UOB GROUP|UOB|UOB|No longer required|REVALUED||
zzUOB-UAL-AVG|UNITED OVERSEAS BANK LTD|SGD|||||Inactive|00000000|0000|UOB GROUP|UOB-UAL|UOB|No longer required|NON-REVALUED||
zzUOB-UALCF-AVG|UNITED OVERSEAS BANK LTD|SGD|||||Inactive|00000000|0000|UOB GROUP|UOB-UAL|UOB|No longer required|NON-REVALUED||
zzUOB-UALINVAVG|UNITED OVERSEAS BANK LTD|SGD|||||Inactive|00000000|0000|UOB GROUP|UOB-UALINV|UOB|No longer required|REVALUED||
zzUOBV SHENZHEN|UOB VENTURE SHENZHEN|SGD|||||Inactive|00000000|0000|UOB ASSOC GROU|UOBV SHENZHEN|UOBV SHENZHEN|No longer required|||
zzUOBVI|UOB VENTURE INVESTMENTS|SGD|||||Inactive|00000000|0000|UOB ASSOC GROU|UOBVI|UOBVI|No longer required|||
zzUOF|UNITED OVERSEAS FINANCE|SGD|||||Inactive|00000000|0000|UOB GROUP|||No longer required|||
zzUOF-AVG|UNITED OVERSEAS FINANCE LTD|SGD|||||Inactive|00000000|0000||||No longer required|||
zzUOF-TAX|UNITED OVERSEAS FINANCE LTD|SGD|||||Inactive|00000000|0000||||No longer required|||
zzUOF-TDL-AVG|UNITED OVERSEAS FINANCE LTD|SGD|||||Inactive|00000000|0000||||No longer required|||
zzUOI-SHF AM|UNITED OVERSEAS INSURANCE LTD-SHF|SGD|||||Inactive|00000000|0000|UOB GROUP|UOI-SHF AM|UOI|No longer required|NON-REVALUED||
zzUOI-SHF-AVG|UNITED OVERSEAS INSURANCE LTD-SHF|SGD|||||Inactive|00000000|0000|UOB GROUP|UOI-SHF|UOI|No longer required|NON-REVALUED||
zzUOI-SHF-TAX|UNTIED OVERSEAS INSURANCE LTD-SHF|SGD|||||Inactive|00000000|0000|UOB GROUP|UOI-SHF|UOI|No longer required|NON-REVALUED||
zzUOI-SIF|UOI-SINGAPORE INSURANCE FUND|SGD|||||Inactive|00000000|0000|UOB GROUP|||No longer required|||
zzUOI-SIF AM|UNITED OVERSEAS INSURANCE LTD-SIF|SGD|||||Inactive|00000000|0000|UOB GROUP|UOI-SIF AM|UOI|No longer required|NON-REVALUED||
zzUOI-SIF-AVG|UNITED OVERSEAS INSURANCE LTD-SIF|SGD|||||Inactive|00000000|0000|UOB GROUP|UOI-SIF|UOI|No longer required|NON-REVALUED||
zzUOI-SIF-TAX|UNITED OVERSEAS INSURANCE LTD-SIF|SGD|||||Inactive|00000000|0000|UOB GROUP|UOI-SIF|UOI|No longer required|NON-REVALUED||
zzUOL|UNITED OVERSEAS LAND|SGD|||||Inactive|00000000|0000|UOL GROUP|||No longer required|||
zzUOL-AVG|UNITED OVERSEAS LAND LTD|SGD|||||Inactive|00000000|0000|UOL GROUP|UOL|UOL|No longer required|||
zzUOL-SEC PENDG|UOL-SECURITY PENDING SALE|SGD|||||Inactive|00000000|0000||UOL|UOL|No longer required|||
zzUOL-TAX|UNITED OVERSEAS LAND LTD|SGD|||||Inactive|00000000|0000|UOL GROUP|UOL|UOL|No longer required|||
zzUOS|UNITED OVERSEAS SECURITIES|SGD|||||Inactive|00000000|0000|UOB GROUP|||No longer required|||
zzUOS-AVG|UNITED OVERSEAS SECURITIES LTD|SGD|||||Inactive|00000000|0000||||No longer required|||
zzUOS-K|UOS-SUB ACCOUNT K|SGD|||||Inactive|00000000|0000|UOB GROUP|||No longer required|||
zzUOS-K-AVG|UOS-SUB ACCOUNT K|SGD|||||Inactive|00000000|0000||||No longer required|||
zzUOS-K-TAX|UNITED OVERSEAS SEC LTD-SUB-A/C K|SGD|||||Inactive|00000000|0000||||No longer required|||
zzUPL|UBIN PTE LTD|SGD|||||Inactive|00000000|0000||||No longer required|||
zzVERTEX|VERTEX ASIA|SGD|||||Inactive|00000000|0000|OUBASSOC GROUP|VERTEX|VERTEX|No longer required|NON-REVALUED||
zzWALDEN ASIA|WALDEN ASIA|SGD|For reporting purposes||||Inactive|00000000|0000|UOB ASSOC GROU|WALDEN ASIA|WALDEN ASIA|Associated Company|||
zzWALDEN ASIAII|WALDEN ASIA II|SGD|For reporting purposes||||Inactive|00000000|0000|UOB ASSOC GROU|WALDEN ASIA II|WALDEN ASIA II|Associated Company|||
zzWESLIA|WESLIA|AUD|||||Inactive|00000000|0000|OUBASSOC GROUP|WESLIA|WESLIA|No longer required|NON-REVALUED||
zzXINCHENG I M|XINCHENG INVESTMENT MANAGEMENT CO. LTD|SGD|PING AN UOB FD||||Inactive|00000000|0000|UOB ASSOC GROUP|XINCHENG I M|XINCHENG I M|UOB ASSOCIATE||26-Jan-16|
zzzUOBACU-U-AVG|UNITED OVERSEAS BANK LTD (ACU)|USD|||||Inactive|00000000|0000|UOB GROUP|UOB(ACU)-UMB|UOB(ACU)|No longer required|REVALUED||
zzzUOB-HK-AVG|UOB HONG KONG|HKD|||||Inactive|00000000|0000|UOB GROUP|UOB HK|UOB|No longer required|REVALUED||
zzzUOS-K-AVG|UNITED OVERSEAS SEC LTD -SUB A/C K|SGD|||||Inactive|00000000|0000||||No longer required|||
zUOBACU-FUND-AM|UNITED OVERSEAS BANK LTD (AM) FUNDS|SGD|Fund managed by UOBAM||||Active|00000000|0000|UOB GROUP|UOBACU-FUND-AM|UOB(ACU)|UOB|NON-REVALUED||
zzUOBACU-TF-AVG|UNITED OVERSEAS BANK LTD (ACU) - TF|SGD|Low Han Seng||||Inactive|00000000|0000|UOB GROUP|UOB(ACU)-TF|UOB(ACU)|UOB|NON-REVALUED||
zzUOB-STIP1|UOB-SHORT TERM INVT PORTFOLIO 1 (SGD)|SGD|UOBAM||||Inactive|00000000|0000|UOB GROUP|UOB-STIP1|UOB|UOB|REVALUED|31-Jan-21|
zzUOB-STIP2|UOB-SHORT TERM INVT PORTFOLIO 2|SGD|UOBAM||||Inactive|00000000|0000|UOB GROUP|UOB-STIP2|UOB|UOB|REVALUED|31-Jan-21|
zzUOB-CIU-PE|UOB-CIU-Private Equity II|SGD|CIU||||Inactive|00000000|0000|UOB GROUP|UOB-CIU-PE|UOB|UOB|REVALUED|5-Apr-24|
zUOBACU-CAC-AVG|UNITED OVERSEAS BANK LTD (ACU)|SGD|Low Han Seng||||Active|00000000|0000|UOB GROUP|UOB(ACU)-CAC|UOB(ACU)|UOB|NON-REVALUED||
zzUOB-FDS-PEVC|UOB FUNDS PEVC|SGD|Low Han Seng||||Inactive|00000000|0000|UOB GROUP|UOB|UOB|UOB|REVALUED|20-May-13|
PT PG AM|PT UOB ASSET MANAGEMENT INDONESIA|IDR|UOBAM||||Active|00000000|0000|UOB GROUP|PT PG AM|PT UOB AM INDO|UOB SUBSIDIARY|REVALUED|5-Sep-19|
zUOBAM(VIETNAM)|UOBAM(VIETNAM) FUND MGT JSC|VND|UOBAM(VIET)||||Active|00000000|0000|UOB GROUP|UOBAM(VIET)|UOBAM(VIET)|UOB SUBSIDIARY|REVALUED|6-Oct-22|
